task_num,micro_tag,text,correct_answer,explanation
4,ударения,"Укажите варианты ответов, в которых верно выделена буква, обозначающая ударный гласный звук. Запишите номера ответов. 1) крАлась 2) кровоточАщий 3) дешевИзна 4) балОванный 5) Отрочество",1345,"крАлась, дешевИзна, балОванный, Отрочество — верно. Неверно: кровоточАщий (правильно: кровоточИщий). Ответ: 1345"
4,ударения,"Укажите варианты ответов, в которых верно выделена буква, обозначающая ударный гласный звук. Запишите номера ответов. 1) каталОг 2) тОрты 3) позвонИт 4) бантЫ 5) жалюзИ",1235,"каталОг, тОрты, позвонИт, жалюзИ — верно. Неверно: бантЫ (правильно: бАнты). Ответ: 1235"
4,ударения,"Укажите варианты ответов, в которых верно выделена буква, обозначающая ударный гласный звук. Запишите номера ответов. 1) столЯр 2) клАла 3) красИвее 4) донЕльзя 5) щАвель",1234,"столЯр, клАла, красИвее, донЕльзя — верно. Неверно: щАвель (правильно: щавЕль). Ответ: 1234"
4,ударения,"Укажите варианты ответов, в которых верно выделена буква, обозначающая ударный гласный звук. Запишите номера ответов. 1) зАгодя 2) Апостроф 3) дИспансер 4) квартАл 5) экспЕрт",145,"зАгодя, квартАл, экспЕрт — верно. Неверно: Апостроф (правильно: апострОф), дИспансер (правильно: диспансЕр). Ответ: 145"
4,ударения,"Укажите варианты ответов, в которых верно выделена буква, обозначающая ударный гласный звук. Запишите номера ответов. 1) кОрысть 2) кремЕнь 3) лОмоть 4) кУхонный 5) лыжнЯ",245,"кремЕнь, кУхонный, лыжнЯ — верно. Неверно: кОрысть (правильно: корЫсть), лОмоть (правильно: ломОть). Ответ: 245"
5,паронимы,"В одном из приведённых ниже предложений НЕВЕРНО употреблено выделенное слово. Исправьте лексическую ошибку, подобрав к выделенному слову пароним. Запишите подобранное слово.\nБабушка попросила ОДЕТЬ на ребёнка шапку.\nОн был человеком ДОВЕРЧИВЫМ и часто обжигался.\nДИПЛОМАТИЧЕСКИЕ отношения между странами были разорваны.\nВЕЛИКИЙ писатель оставил после себя богатое наследие.\nЭтот метод оказался очень ЭФФЕКТИВНЫМ.",надеть,"Одеть можно кого-то (одеть ребёнка), а надеть — что-то на кого-то (надеть шапку). Ответ: надеть"
5,паронимы,"В одном из приведённых ниже предложений НЕВЕРНО употреблено выделенное слово. Исправьте лексическую ошибку, подобрав к выделенному слову пароним. Запишите подобранное слово.\nАктриса приняла ЭФФЕКТИВНУЮ позу, чтобы привлечь внимание фотографов.\nСЛОВАРНЫЙ запас нужно постоянно пополнять.\nЭто был ПРАКТИЧЕСКИЙ совет, который помог в работе.\nДля ГАРАНТИЙНОГО ремонта необходимо предъявить чек.\nВокруг раскинулся ЛЕСИСТЫЙ холм.",эффектную,"Эффективный — приводящий к результату. Эффектный — производящий впечатление (эффектная поза). Ответ: эффектную"
5,паронимы,"В одном из приведённых ниже предложений НЕВЕРНО употреблено выделенное слово. Исправьте лексическую ошибку, подобрав к выделенному слову пароним. Запишите подобранное слово.\nКонтролёр попросил пассажиров ОПЛАТИТЬ за проезд.\nКАМЕНИСТАЯ почва затрудняла земледелие.\nОн всегда носил ПРАКТИЧНУЮ одежду.\nНаступили ЖЕСТОКИЕ морозы.\nМальчик проявил ИЗОБРЕТАТЕЛЬНОСТЬ в решении задачи.",заплатить,"Оплатить можно что-то (оплатить проезд), а заплатить — за что-то (заплатить за проезд). Ответ: заплатить"
5,паронимы,"В одном из приведённых ниже предложений НЕВЕРНО употреблено выделенное слово. Исправьте лексическую ошибку, подобрав к выделенному слову пароним. Запишите подобранное слово.\nЕго ГОРДОСТЬ не позволила ему признать свою вину перед друзьями, что привело к ссоре.\nКоллектив фабрики перевыполнил ГОДОВОЙ план.\nМолодой учёный представил ИНФОРМАТИВНЫЙ доклад.\nЖИЗНЕННЫЙ путь этого человека был полон трудностей.\nНа столе стояла ГЛИНЯНАЯ посуда.",гордыня,"Гордость — чувство собственного достоинства. Гордыня — чрезмерная высокомерность, которая мешает признать вину. Ответ: гордыня"
5,паронимы,"В одном из приведённых ниже предложений НЕВЕРНО употреблено выделенное слово. Исправьте лексическую ошибку, подобрав к выделенному слову пароним. Запишите подобранное слово.\nМежду друзьями установились ДОВЕРЧИВЫЕ отношения.\nПРОСВЕТИТЕЛЬСКАЯ деятельность поэта была известна всей стране.\nОни ОПЛАТИЛИ счёт в ресторане.\nЗа окном раздался ЗВУЧНЫЙ голос.\nВдали виднелись ВЕЛИЧЕСТВЕННЫЕ горы.",доверительные,"Доверчивый — легко доверяющий людям (доверчивый ребенок). Доверительный — выражающий доверие (доверительные отношения). Ответ: доверительные"
5,паронимы,"В одном из приведённых ниже предложений НЕВЕРНО употреблено выделенное слово. Исправьте лексическую ошибку, подобрав к выделенному слову пароним. Запишите подобранное слово.\nМой сосед оказался человеком СКРЫТЫМ и неразговорчивым.\nУчёные долго исследовали этот КАМЕННЫЙ остров.\nК вечеру поднялся СИЛЬНЫЙ ветер.\nИГОРНЫЙ бизнес строго регулируется законом.\nНам пришлось ВОСПОЛНИТЬ пробелы в знаниях.",скрытным,"Скрытый — невидимый, тайный (скрытый смысл). Скрытный — избегающий откровенности, неразговорчивый (скрытный человек). Ответ: скрытным"
5,паронимы,"В одном из приведённых ниже предложений НЕВЕРНО употреблено выделенное слово. Исправьте лексическую ошибку, подобрав к выделенному слову пароним. Запишите подобранное слово.\nКаждому участнику соревнований должны ПРЕДСТАВИТЬ равные условия.\nВЕКОВОЙ дуб возвышался над остальными деревьями.\nНа выставке были представлены ИСКУСНЫЕ изделия мастеров.\nГРАНД-отель славился своим сервисом.\nБЕДСТВЕННОЕ положение жителей требовало немедленного вмешательства.",предоставить,"Представить — показать, познакомить (представить гостя). Предоставить — дать возможность пользоваться (предоставить условия). Ответ: предоставить"
5,паронимы,"В одном из приведённых ниже предложений НЕВЕРНО употреблено выделенное слово. Исправьте лексическую ошибку, подобрав к выделенному слову пароним. Запишите подобранное слово.\nСтудент оказался БЕЗОТВЕТНЫМ, поэтому часто пропускал занятия и не сдавал работы в срок.\nЭто был ЕДИНСТВЕННЫЙ выход из ситуации.\nЖЕСТОКИЙ поступок вызвал всеобщее возмущение.\nКОСТНЫЙ мозг выполняет важнейшие функции в организме.\nГУМАНИСТИЧЕСКИЕ идеалы лежат в основе этой философии.",безответственным,"Безответный — не получающий ответа (безответная любовь). Безответственный — не несущий ответственности за поступки. Ответ: безответственным"
5,паронимы,"В одном из приведённых ниже предложений НЕВЕРНО употреблено выделенное слово. Исправьте лексическую ошибку, подобрав к выделенному слову пароним. Запишите подобранное слово.\nОн вёл себя грубо, перебивал старших, словом, был настоящим НЕВЕЖДОЙ.\nНам предстоял ДЛИТЕЛЬНЫЙ перелёт.\nЭтот ЛЕДОВЫЙ дворец вмещает тысячи зрителей.\nАДРЕСАТ получил письмо вовремя.\nДевушка надела КРАСОЧНЫЙ наряд.",невежей,"Невежда — малообразованный человек. Невежа — грубый, невоспитанный человек. Ответ: невежей"
5,паронимы,"В одном из приведённых ниже предложений НЕВЕРНО употреблено выделенное слово. Исправьте лексическую ошибку, подобрав к выделенному слову пароним. Запишите подобранное слово.\nУслышав печальную новость, он издал тяжёлый ВДОХ.\nДВОЙНОЙ тариф действует в праздничные дни.\nПОКУПАТЕЛЬНАЯ способность населения выросла.\nЖЮРИ вынесло объективное решение.\nВ городе открылся новый КОННЫЙ клуб.",вздох,"Вдох — втягивание воздуха в легкие. Вздох — усиленный вдох и выдох, выражающий чувство (вздох облегчения, печали). Ответ: вздох"
5,паронимы,"В одном из приведённых ниже предложений НЕВЕРНО употреблено выделенное слово. Исправьте лексическую ошибку, подобрав к выделенному слову пароним. Запишите подобранное слово.\nМы надели БОЛОТИСТЫЕ сапоги и отправились за клюквой.\nВРАЖДЕБНОЕ отношение местного населения пугало путешественников.\nУ мальчика была отличная ЗРИТЕЛЬНАЯ память.\nВ кабинете стоял КОЖАНЫЙ диван.\nЭто было ПАМЯТНОЕ событие для всех нас.",болотные,"Болотистый — изобилующий болотами (болотистая местность). Болотный — предназначенный для болота (болотные сапоги). Ответ: болотные"
5,паронимы,"В одном из приведённых ниже предложений НЕВЕРНО употреблено выделенное слово. Исправьте лексическую ошибку, подобрав к выделенному слову пароним. Запишите подобранное слово.\nМедицина имеет огромное ПРАКТИЧНОЕ значение для человечества.\nВРАЖЕСКИЙ лагерь находился за рекой.\nСОВЕТНИК президента выступил с заявлением.\nЭто был очень УДАЧНЫЙ день.\nОна сделала ГЛУБОКИЙ вдох.",практическое,"Практичный — выгодный, удобный (практичная одежда). Практический — относящийся к практике, реальному применению (практическое значение). Ответ: практическое"
5,паронимы,"В одном из приведённых ниже предложений НЕВЕРНО употреблено выделенное слово. Исправьте лексическую ошибку, подобрав к выделенному слову пароним. Запишите подобранное слово.\nЖурналист подготовил очень ИНФОРМАЦИОННЫЙ материал, полный интересных фактов и аналитики.\nМы долго шли через ЛЕСИСТУЮ местность.\nПРЕДСТАВИТЕЛЬНЫЙ мужчина вошёл в зал.\nВ городе построили новый ЛЕДОВЫЙ дворец.\nОН отличался ГОРДЫМ нравом.",информативный,"Информационный — относящийся к информации (информационный портал). Информативный — содержащий много информации, насыщенный. Ответ: информативный"
5,паронимы,"В одном из приведённых ниже предложений НЕВЕРНО употреблено выделенное слово. Исправьте лексическую ошибку, подобрав к выделенному слову пароним. Запишите подобранное слово.\nКОРЕНАСТЫЕ изменения в экономике страны привели к росту производства.\nРЯДОМ стоял КОРЕНАСТЫЙ мужчина лет сорока.\nМой ДРУЖЕСКИЙ совет помог ему избежать ошибки.\nГЛИНЯНАЯ ваза разбилась вдребезги.\nЕё голос звучал ОБИДЧИВО.",коренные,"Коренастый — крепкого сложения (коренастый человек). Коренной — касающийся самых основ, глубокий (коренные изменения). Ответ: коренные"
5,паронимы,"В одном из приведённых ниже предложений НЕВЕРНО употреблено выделенное слово. Исправьте лексическую ошибку, подобрав к выделенному слову пароним. Запишите подобранное слово.\nВ темноте было трудно ОТЛИЧИТЬ очертания домов.\nЗа время работы он приобрёл богатый ЖИЗНЕННЫЙ опыт.\nЕго ПРЕДВЫБОРНАЯ кампания прошла успешно.\nНаш попутчик оказался ИНТЕЛЛИГЕНТНЫМ человеком.\nОна проявила ИЗОБРЕТАТЕЛЬНОСТЬ при подготовке к празднику.",различить,"Отличить — распознать одно среди другого. Различить — распознать зрением или слухом (различить очертания). Ответ: различить"
5,паронимы,"В одном из приведённых ниже предложений НЕВЕРНО употреблено выделенное слово. Исправьте лексическую ошибку, подобрав к выделенному слову пароним. Запишите подобранное слово.\nВ кассе магазина не оказалось НАЛИЧИЯ, чтобы выдать сдачу.\nНа выставке были представлены ИСКУСНЫЕ работы местных мастеров.\nДВОЙСТВЕННОЕ впечатление осталось после просмотра фильма.\nОни ПРОЖИЛИ в этом городе много лет.\nДОВЕРИТЕЛЬНЫЙ тон беседы помог нам расслабиться.",наличности,"Наличие — присутствие (наличие товара). Наличность — наличные деньги. Ответ: наличности"
5,паронимы,"В одном из приведённых ниже предложений НЕВЕРНО употреблено выделенное слово. Исправьте лексическую ошибку, подобрав к выделенному слову пароним. Запишите подобранное слово.\nЗРИТЕЛЬНЫЕ симпатии были на стороне молодой актрисы.\nЕго ПАМЯТЛИВОСТЬ поражала всех окружающих.\nВ саду росли старые ЯБЛОНЕВЫЕ деревья.\nЗВУЧНЫЙ голос певца разносился по всему залу.\nДля решения задачи потребовался НЕСТАНДАРТНЫЙ подход.",зрительские,"Зрительный — относящийся к зрению (зрительный нерв). Зрительский — относящийся к зрителю (зрительские симпатии). Ответ: зрительские"
5,паронимы,"В одном из приведённых ниже предложений НЕВЕРНО употреблено выделенное слово. Исправьте лексическую ошибку, подобрав к выделенному слову пароним. Запишите подобранное слово.\nПосле тяжёлого рабочего дня нас ждал СЫТЫЙ ужин.\nХИЩНЫЕ животные выходят на охоту ночью.\nЭта профессия считается весьма ПОЧЁТНОЙ.\nМы прошли через КАМЕНИСТЫЙ каньон.\nБЕЗОТВЕТНАЯ любовь стала темой его стихов.",сытный,"Сытый — утоливший голод (сытый человек). Сытный — питательный, калорийный (сытный ужин). Ответ: сытный"
5,паронимы,"В одном из приведённых ниже предложений НЕВЕРНО употреблено выделенное слово. Исправьте лексическую ошибку, подобрав к выделенному слову пароним. Запишите подобранное слово.\nОн вёл ПРАЗДНИЧНЫЙ образ жизни, нигде не работал и целыми днями гулял.\nНАДЕТЬ пальто оказалось сложнее из-за сломанной молнии.\nВ магазине продавалась КАМЕННАЯ соль.\nНам был предоставлен ГАРАНТИЙНЫЙ талон.\nЕё ДИПЛОМАТИЧНЫЙ ответ помог избежать конфликта.",праздный,"Праздничный — относящийся к празднику. Праздный — ничем не занятый, бездельный (праздный образ жизни). Ответ: праздный"
5,паронимы,"В одном из приведённых ниже предложений НЕВЕРНО употреблено выделенное слово. Исправьте лексическую ошибку, подобрав к выделенному слову пароним. Запишите подобранное слово.\nСЛОВАРНЫЙ портрет подозреваемого был составлен со слов очевидцев.\nСОВЕТНИК министра выступил с докладом.\nЦВЕТНАЯ капуста очень полезна для здоровья.\nЗЛЫЕ языки страшнее пистолета.\nВОДНЫЕ ресурсы планеты нуждаются в защите.",словесный,"Словарный — относящийся к словарю (словарный запас). Словесный — выраженный в словах (словесный портрет). Ответ: словесный"
6,лексика_нормы,"Отредактируйте предложение: исправьте лексическую ошибку, исключив лишнее слово. Выпишите это слово.\nВ заключение доклада выступающий отметил главную суть обсуждаемой проблемы.",главную,"Суть — это и есть самое главное, существенное в чём-либо. Слово «главную» является лишним (плеоназм). Ответ: главную"
6,лексика_нормы,"Отредактируйте предложение: исправьте лексическую ошибку, заменив неверно употреблённое слово. Запишите подобранное слово.\nНа международных соревнованиях наш спортсмен одержал поражение в финале.",потерпел,"Одержать можно победу, а поражение — терпеть (потерпеть поражение). Ответ: потерпел"
6,лексика_нормы,"Отредактируйте предложение: исправьте лексическую ошибку, исключив лишнее слово. Выпишите это слово.\nНа работу в новую IT-компанию требовалась свободная вакансия ведущего программиста.",свободная,"Вакансия — это уже свободная, незамещенная должность. Слово «свободная» лишнее. Ответ: свободная"
6,лексика_нормы,"Отредактируйте предложение: исправьте лексическую ошибку, заменив неверно употреблённое слово. Запишите подобранное слово.\nЛьвиную часть своего свободного времени ученый проводил в городской библиотеке.",долю,"Устойчивое выражение (фразеологизм) звучит как «львиная доля». Ответ: долю"
6,лексика_нормы,"Отредактируйте предложение: исправьте лексическую ошибку, исключив лишнее слово. Выпишите это слово.\nВ фойе драматического театра висел прейскурант цен на сувенирную продукцию.",цен,"Прейскурант — это справочник цен на товары или услуги. Слово «цен» избыточно. Ответ: цен"
6,лексика_нормы,"Отредактируйте предложение: исправьте лексическую ошибку, заменив неверно употреблённое слово. Запишите подобранное слово.\nПисатель в своем новом историческом романе смог приоткрыть занавес над тайнами прошлого.",завесу,"Устойчивое выражение — «приоткрыть завесу (над чем-либо)». Ответ: завесу"
6,лексика_нормы,"Отредактируйте предложение: исправьте лексическую ошибку, исключив лишнее слово. Выпишите это слово.\nВ конце увлекательной экскурсии туристам предложили купить памятный сувенир.",памятный,"Сувенир — это подарок на память. Слово «памятный» образует лексическую избыточность. Ответ: памятный"
6,лексика_нормы,"Отредактируйте предложение: исправьте лексическую ошибку, заменив неверно употреблённое слово. Запишите подобранное слово.\nНам нужно сделать важное решение до завтрашнего утра, иначе проект будет закрыт.",принять,"Решение принимают, а не делают. Правильно: принять решение. Ответ: принять"
6,лексика_нормы,"Отредактируйте предложение: исправьте лексическую ошибку, исключив лишнее слово. Выпишите это слово.\nМолодой талантливый актёр впервые дебютировал на сцене этого знаменитого театра.",впервые,"Дебют — это и есть первое выступление. Слово «впервые» является лишним. Ответ: впервые"
6,лексика_нормы,"Отредактируйте предложение: исправьте лексическую ошибку, заменив неверно употреблённое слово. Запишите подобранное слово.\nОсобое значение в этой научной статье уделяется вопросам сохранения экологии океана.",внимание,"Уделять можно внимание, а значение — придавать. Правильно: уделяется внимание. Ответ: внимание"
6,лексика_нормы,"Отредактируйте предложение: исправьте лексическую ошибку, исключив лишнее слово. Выпишите это слово.\nЕё мимика лица была настолько выразительной, что слова совершенно не требовались.",лица,"Мимика — это движения мышц лица. Уточнение «лица» является плеоназмом. Ответ: лица"
6,лексика_нормы,"Отредактируйте предложение: исправьте лексическую ошибку, заменив неверно употреблённое слово. Запишите подобранное слово.\nЭтот географический фактор играет огромное значение в развитии экономики всего региона.",роль,"Играть можно роль, а значение — иметь. Правильно: играет огромную роль. Ответ: роль"
6,лексика_нормы,"Отредактируйте предложение: исправьте лексическую ошибку, исключив лишнее слово. Выпишите это слово.\nВнутренний интерьер старинного дворца поражал туристов своим великолепием и богатством.",внутренний,"Интерьер — это внутреннее пространство здания. Слово «внутренний» лишнее. Ответ: внутренний"
6,лексика_нормы,"Отредактируйте предложение: исправьте лексическую ошибку, заменив неверно употреблённое слово. Запишите подобранное слово.\nЧтение классической русской литературы помогает значительно повысить кругозор школьников.",расширить,"Кругозор можно расширить, а повысить — уровень. Правильно: расширить кругозор. Ответ: расширить"
6,лексика_нормы,"Отредактируйте предложение: исправьте лексическую ошибку, исключив лишнее слово. Выпишите это слово.\nПолководец, адекватно оценив силы противника, приказал своим войскам отступать назад к реке.",назад,"Отступать можно только назад, поэтому слово «назад» лексически избыточно. Ответ: назад"
6,лексика_нормы,"Отредактируйте предложение: исправьте лексическую ошибку, заменив неверно употреблённое слово. Запишите подобранное слово.\nВ этом небольшом фермерском магазине всегда были очень дешевые цены на овощи и фрукты.",низкие,"Цены бывают высокими или низкими, а дешевыми — товары. Правильно: низкие цены. Ответ: низкие"
6,лексика_нормы,"Отредактируйте предложение: исправьте лексическую ошибку, исключив лишнее слово. Выпишите это слово.\nПосле небольшого привала уставшие альпинисты начали подниматься вверх по крутому склону горы.",вверх,"Подниматься можно только вверх. Это классический плеоназм, слово «вверх» лишнее. Ответ: вверх"
6,лексика_нормы,"Отредактируйте предложение: исправьте лексическую ошибку, заменив неверно употреблённое слово. Запишите подобранное слово.\nНеправильное питание и малоподвижный образ жизни могут оказать непоправимый вред здоровью.",нанести,"Вред можно нанести или причинить, но не оказать (оказывают помощь/услугу). Правильно: нанести вред. Ответ: нанести"
6,лексика_нормы,"Отредактируйте предложение: исправьте лексическую ошибку, исключив лишнее слово. Выпишите это слово.\nУчёный-этнограф долгие годы с увлечением изучал народный фольклор северных регионов нашей страны.",народный,"Фольклор в переводе с английского — это народное творчество. «Народный фольклор» — плеоназм. Ответ: народный"
6,лексика_нормы,"Отредактируйте предложение: исправьте лексическую ошибку, заменив неверно употреблённое слово. Запишите подобранное слово.\nНам необходимо предпринять срочные меры, чтобы избежать масштабного финансового кризиса.",принять,"Меры принимают, а предпринимают — шаги или попытки. Правильно: принять меры. Ответ: принять"
7,формы_слов,"В одном из выделенных ниже слов допущена ошибка в образовании формы слова. Исправьте ошибку и запишите слово правильно.\nпара БОТИНОК\nболее ПЯТИСТА человек\nопытные ИНЖЕНЕРЫ\nПОЕЗЖАЙТЕ прямо\nмного ВИШЕН",пятисот,"Ошибка в склонении числительного. В родительном падеже (более кого? чего?) правильно: пятисот. Ответ: пятисот"
7,формы_слов,"В одном из выделенных ниже слов допущена ошибка в образовании формы слова. Исправьте ошибку и запишите слово правильно.\nкилограмм ПОМИДОРОВ\nЛЯГТЕ на пол\nзвучит более ГРОМКО\nс ДВУМЯСТАМИ рублями\nнесколько ПОЛОТЕНЦЕВ",полотенец,"Существительное «полотенце» в родительном падеже множественного числа имеет форму «полотенец». Ответ: полотенец"
7,формы_слов,"В одном из выделенных ниже слов допущена ошибка в образовании формы слова. Исправьте ошибку и запишите слово правильно.\nИХ проблемы\nСТРИЖЁТ волосы\nменее СТРОЖЕ\nпять КИЛОГРАММОВ\nПРИОБРЕТШИЙ опыт",строго,"При образовании составной сравнительной степени нельзя смешивать простую и составную формы. Правильно: менее строго. Ответ: строго"
7,формы_слов,"В одном из выделенных ниже слов допущена ошибка в образовании формы слова. Исправьте ошибку и запишите слово правильно.\nопытные БУХГАЛТЕРЫ\nв ТЫСЯЧА девятисотом году\nПОЕЗЖАЙ в город\nнет ТУФЛЕЙ\nоколо ПОЛУТОРАСТА метров",туфель,"Существительное «туфля» (женский род) в родительном падеже множественного числа имеет нулевое окончание — «туфель». Ответ: туфель"
7,формы_слов,"В одном из выделенных ниже слов допущена ошибка в образовании формы слова. Исправьте ошибку и запишите слово правильно.\nИХНИЕ тетради\nкилограмм МАНДАРИНОВ\nДВОЕ друзей\nкоротко ОСТРИЖЁТ\nпара ЧУЛОК",их,"Притяжательное местоимение 3-го лица множественного числа имеет литературную форму «их». Формы «ихние» не существует. Ответ: их"
7,формы_слов,"В одном из выделенных ниже слов допущена ошибка в образовании формы слова. Исправьте ошибку и запишите слово правильно.\nвкусные ТОРТЫ\nнет МАКАРОН\nЛОВЧЕЕ\nс ПЯТЬЮДЕСЯТЬЮ рублями\nОБЕИМ друзьям",обоим,"Слово «друзьям» (от «друг») мужского рода, поэтому собирательное числительное должно быть «обоим». Форма «обеим» используется только для женского рода. Ответ: обоим"
7,формы_слов,"В одном из выделенных ниже слов допущена ошибка в образовании формы слова. Исправьте ошибку и запишите слово правильно.\nнесколько ЦАПЕЛЬ\nНАИБОЛЕЕ уместно\nс ТРЕХСТАМИ рублями\nЕЗЖАЙ быстрее\nоколо ПЯТИДЕСЯТИ метров",поезжай,"Повелительное наклонение от глагола «ехать» образуется только с приставкой: поезжай. Формы «езжай», «ехай» ошибочны. Ответ: поезжай"
7,формы_слов,"В одном из выделенных ниже слов допущена ошибка в образовании формы слова. Исправьте ошибку и запишите слово правильно.\nопытные ТРЕНЕРЫ\nмного ВРЕМЕНИ\nс ПОЛТОРАСТАМИ рублями\nКЛАДИ на стол\nПЯТЬЮСТАМИ монетами",полутораста,"Числительное «полтораста» в творительном падеже (с кем? чем?) имеет форму «полутораста» (у него всего две формы: полтораста и полутораста). Ответ: полутораста"
7,формы_слов,"В одном из выделенных ниже слов допущена ошибка в образовании формы слова. Исправьте ошибку и запишите слово правильно.\nоколо ПЯТИСОТ метров\nвкусные СОУСЫ\nстаринных БАШНЕЙ\nКЛАДИТЕ сюда\nЖЖЁТ костер",башен,"Существительное «башня» в родительном падеже множественного числа имеет форму «башен». Ответ: башен"
7,формы_слов,"В одном из выделенных ниже слов допущена ошибка в образовании формы слова. Исправьте ошибку и запишите слово правильно.\nТРОЕ санитарок\nс ДВУМЯСТАМИ бойцами\nпара САПОГ\nЖДЁТ ответа\nкрасивейший ПЕЙЗАЖ",три,"Собирательные числительные (двое, трое, четверо) не употребляются с существительными женского рода. Правильно: три санитарки. Ответ: три"
7,формы_слов,"В одном из выделенных ниже слов допущена ошибка в образовании формы слова. Исправьте ошибку и запишите слово правильно.\nкилограмм ВАФЕЛЬ\nСТРИГЁТ волосы\nопытные ПРОФЕССОРА\nмного ВИШЕН\nоколо ЧЕТЫРЁХСОТ",стрижёт,"Глагол «стричь» в 3-м лице единственного числа имеет форму «стрижёт» (происходит чередование согласных ч/ж). Ответ: стрижёт"
7,формы_слов,"В одном из выделенных ниже слов допущена ошибка в образовании формы слова. Исправьте ошибку и запишите слово правильно.\nновые ВЫБОРЫ\nНАИВЫСШИЙ балл\nс ВОСЬМЬЮДЕСЯТЬЮ рублями\nЛЯЖЬТЕ на диван\nкилограмм ЯБЛОК",лягте,"Повелительное наклонение от глагола «лечь» образуется от основы будущего времени: ляг, лягте. Формы «ляжьте» не существует. Ответ: лягте"
7,формы_слов,"В одном из выделенных ниже слов допущена ошибка в образовании формы слова. Исправьте ошибку и запишите слово правильно.\nПРИОБРЕСТИ опыт\nс СЕМЬЮСТАМИ метрами\nпара КРОССОВОК\nопытные ДОКТОРА\nИСПЕКЁТ пирог",испечёт,"Глагол «испечь» в 3-м лице единственного числа имеет форму «испечёт» (чередование к/ч). Ответ: испечёт"
7,формы_слов,"В одном из выделенных ниже слов допущена ошибка в образовании формы слова. Исправьте ошибку и запишите слово правильно.\nнесколько КОЧЕРЁГ\nОБОИМИ руками\nПОПРОБОВАЕМ сделать\nНАПИШЕТ письмо\nДВУМЯСТАМИ рублями",попробуем,"В глаголе «попробовать» суффикс -ова- в настоящем/будущем времени чередуется с -у-. Правильно: попробуем. Ответ: попробуем"
7,формы_слов,"В одном из выделенных ниже слов допущена ошибка в образовании формы слова. Исправьте ошибку и запишите слово правильно.\nпять ГРАММОВ\nДИРЕКТОРЫ школ\nПОЛОЖИ на место\nнет ПОЛОТЕНЕЦ\nТРОЕ щенят",директора,"В именительном падеже множественного числа существительное «директор» имеет нормативное окончание -а: директора. Ответ: директора"
7,формы_слов,"В одном из выделенных ниже слов допущена ошибка в образовании формы слова. Исправьте ошибку и запишите слово правильно.\nнесколько БРЕЛОКОВ\nПРОПОЛОЩИ бельё\nс ТРЕМЯСТАМИ рублями\nмного СОЛДАТОВ\nЛЯГ спать",солдат,"Существительное «солдат» в родительном падеже множественного числа имеет нулевое окончание: много солдат. Ответ: солдат"
7,формы_слов,"В одном из выделенных ниже слов допущена ошибка в образовании формы слова. Исправьте ошибку и запишите слово правильно.\nопытные СЛЕСАРЯ\nпара НОСКОВ\nс ПЯТЬЮДЕСЯТЬЮ годами\nв ДВЕ ТЫСЯЧИ пятом году\nих ТЕТРАДИ",слесари,"Существительное «слесарь» во множественном числе именительного падежа имеет нормативное окончание -и: слесари. Ответ: слесари"
7,формы_слов,"В одном из выделенных ниже слов допущена ошибка в образовании формы слова. Исправьте ошибку и запишите слово правильно.\nмного ОБЛАКОВ\nПОЕЗЖАЙТЕ в город\nДВОЕ котят\nоколо ШЕСТИСТА метров\nопытные ШОФЁРЫ",шестисот,"Числительное «шестьсот» в родительном падеже (около кого? чего?) склоняется в обеих частях: шести сот -> шестисот. Ответ: шестисот"
7,формы_слов,"В одном из выделенных ниже слов допущена ошибка в образовании формы слова. Исправьте ошибку и запишите слово правильно.\nМАХАЕТ рукой\nнет АПЕЛЬСИНОВ\nс ТЫСЯЧЬЮ рублями\nСНИМИТЕ обувь\nоколо ЧЕТЫРЁХСОТ метров",машет,"Литературная норма настоящего времени для глагола «махать» — он машет (историческое чередование х/ш). Форма «махает» просторечная. Ответ: машет"
7,формы_слов,"В одном из выделенных ниже слов допущена ошибка в образовании формы слова. Исправьте ошибку и запишите слово правильно.\nмного ВИШЕН\nКЛАДИТЕ на стол\nсамый КРАСИВЕЙШИЙ\nс ТРЕМЯСТАМИ рублями\nДВОЕ саней",красивый,"При образовании составной превосходной степени нельзя смешивать две формы. Правильно: самый красивый или просто красивейший. Ответ: красивый"
8,синтаксис_ошибки,"Установите соответствие между грамматическими ошибками и предложениями, в которых они допущены: к каждой позиции первого столбца подберите соответствующую позицию из второго столбца.\n\nГРАММАТИЧЕСКИЕ ОШИБКИ:\nА) неправильное употребление падежной формы существительного с предлогом\nБ) нарушение в построении предложения с причастным оборотом\nВ) нарушение в построении предложения с деепричастным оборотом\nГ) нарушение связи между подлежащим и сказуемым\nД) нарушение в построении предложения с несогласованным приложением\n\nПРЕДЛОЖЕНИЯ:\n1) По приезде в Москву мы сразу пошли в гостиницу.\n2) По окончанию спектакля зрители долго аплодировали актерам.\n3) В картине «Спящем пастушке» Венецианов передал очарование русской природы.\n4) Те, кто читал роман, знает о судьбе главного героя.\n5) Выступая на концерте, зал внимательно слушал певца.\n6) Созданный роман молодым автором сразу привлек внимание критиков.\n7) Мы с удовольствием слушали классическую музыку.\n8) На столе лежали открытые книги.\n9) Солнце ярко светило на безоблачном небе.",26543,"А — 2 (по окончаниИ), Б — 6 (причастный оборот разорван определяемым словом), В — 5 (действие деепричастия не совпадает с подлежащим), Г — 4 (те знают), Д — 3 (в картине «Спящий пастушок»). Ответ: 26543"
8,синтаксис_ошибки,"Установите соответствие между грамматическими ошибками и предложениями, в которых они допущены: к каждой позиции первого столбца подберите соответствующую позицию из второго столбца.\n\nГРАММАТИЧЕСКИЕ ОШИБКИ:\nА) ошибка в построении предложения с однородными членами\nБ) неправильное построение сложного предложения\nВ) неправильное построение предложения с косвенной речью\nГ) нарушение в построении предложения с причастным оборотом\nД) неправильное употребление падежной формы существительного с предлогом\n\nПРЕДЛОЖЕНИЯ:\n1) Учитель сказал, что «я проверю ваши тетради завтра».\n2) Он не только любил классическую музыку, но и джаз.\n3) Книга рассказывает о том, что как важно беречь природу.\n4) Благодаря стараний родителей праздник удался.\n5) Усыпанные деревья снегом стояли как в сказке.\n6) В лесу было тихо и прохладно.\n7) Я встретил друга, который недавно вернулся из поездки.\n8) Мама купила свежие овощи на рынке.\n9) Вопреки прогнозам, погода была отличной.",23154,"А — 2 (нарушен порядок однородных членов), Б — 3 (лишний союз «что»), В — 1 (смешение прямой и косвенной речи), Г — 5 (определяемое слово внутри причастного оборота), Д — 4 (благодаря стараниЯМ). Ответ: 23154"
8,синтаксис_ошибки,"Установите соответствие между грамматическими ошибками и предложениями, в которых они допущены: к каждой позиции первого столбца подберите соответствующую позицию из второго столбца.\n\nГРАММАТИЧЕСКИЕ ОШИБКИ:\nА) нарушение связи между подлежащим и сказуемым\nБ) нарушение в построении предложения с несогласованным приложением\nВ) ошибка в построении предложения с однородными членами\nГ) неправильное построение предложения с деепричастным оборотом\nД) неправильное употребление падежной формы существительного с предлогом\n\nПРЕДЛОЖЕНИЯ:\n1) МГУ объявило о начале приема документов.\n2) В романе Пушкина «Евгении Онегине» показана жизнь дворянства.\n3) Мы гордимся и уважаем наших ветеранов.\n4) Вернувшись домой, уже стемнело.\n5) По прибытию поезда пассажиры вышли на перрон.\n6) Все, кто пришел на выставку, остались довольны.\n7) Читая эту статью, я узнал много нового.\n8) Согласно расписанию, поезд прибывает вовремя.\n9) В пьесе «На дне» поднимаются философские вопросы.",12345,"А — 1 (МГУ объявиЛ), Б — 2 (в романе «Евгений Онегин»), В — 3 (разное управление у глаголов-однородных членов), Г — 4 (нет подлежащего для деепричастия), Д — 5 (по прибытиИ). Ответ: 12345"
8,синтаксис_ошибки,"Установите соответствие между грамматическими ошибками и предложениями, в которых они допущены: к каждой позиции первого столбца подберите соответствующую позицию из второго столбца.\n\nГРАММАТИЧЕСКИЕ ОШИБКИ:\nА) нарушение в построении предложения с причастным оборотом\nБ) нарушение в построении предложения с несогласованным приложением\nВ) неправильное построение предложения с косвенной речью\nГ) ошибка в построении сложного предложения\nД) нарушение связи между подлежащим и сказуемым\n\nПРЕДЛОЖЕНИЯ:\n1) Оля сказала, что я обязательно приду на встречу.\n2) Главное, чему стоит уделить внимание, это здоровье.\n3) Я не заметил то, что как пролетело время.\n4) Большинство учеников успешно сдали экзамен.\n5) Собака, лающая на прохожих, сидела на цепи.\n6) В газете «Комсомольской правде» опубликовали статью.\n7) Те, кто опоздали, не были допущены к экзамену.\n8) Лежащая книга на столе принадлежала мне.\n9) Дети играли во дворе до самого вечера.",86137,"А — 8 (определяемое слово разорвало оборот), Б — 6 (в газете «Комсомольская правда»), В — 1 (неверное местоимение в косвенной речи), Г — 3 (лишнее указательное слово/союз), Д — 7 (кто опоздаЛ). Ответ: 86137"
8,синтаксис_ошибки,"Установите соответствие между грамматическими ошибками и предложениями, в которых они допущены: к каждой позиции первого столбца подберите соответствующую позицию из второго столбца.\n\nГРАММАТИЧЕСКИЕ ОШИБКИ:\nА) неправильное употребление падежной формы существительного с предлогом\nБ) нарушение в построении предложения с деепричастным оборотом\nВ) ошибка в построении предложения с однородными членами\nГ) нарушение в построении предложения с причастным оборотом\nД) неправильное построение сложного предложения\n\nПРЕДЛОЖЕНИЯ:\n1) Наперекор желанию родителей он уехал в другой город.\n2) Читая стихи, мне вспоминается детство.\n3) Он любил играть на гитаре и петь песни.\n4) Заведующий кафедрой распорядился о переносе лекции.\n5) Я хочу купить не только яблоки, а также груши.\n6) По завершению строительства мы переедем в новый дом.\n7) Автор размышляет о том, что почему люди жестоки.\n8) Прочитанная повесть мальчиком произвела на него сильное впечатление.\n9) Мы долго гуляли по вечернему городу.",62587,"А — 6 (по завершениИ), Б — 2 (деепричастие не относится к подлежащему «детство»), В — 5 (союз «не только... но и»), Г — 8 (определяемое слово внутри оборота), Д — 7 (нагромождение союзов «что почему»). Ответ: 62587"
8,синтаксис_ошибки,"Установите соответствие между грамматическими ошибками и предложениями, в которых они допущены: к каждой позиции первого столбца подберите соответствующую позицию из второго столбца.\n\nГРАММАТИЧЕСКИЕ ОШИБКИ:\nА) нарушение связи между подлежащим и сказуемым\nБ) неправильное построение предложения с косвенной речью\nВ) нарушение в построении предложения с несогласованным приложением\nГ) ошибка в построении предложения с однородными членами\nД) неправильное употребление падежной формы существительного с предлогом\n\nПРЕДЛОЖЕНИЯ:\n1) Вопреки предсказания синоптиков, дождь не пошел.\n2) Сочи объявил о подготовке к Олимпиаде.\n3) На заводе «Урале» выпустили новую машину.\n4) Поэт признавался, что «я помню чудное мгновенье».\n5) Писатель описывает и восхищается красотой природы.\n6) Те, кто был на спектакле, остались в восторге.\n7) Мы посмотрели новый фильм «Аватар».\n8) Согласно договору, работы должны быть завершены в срок.\n9) Он увлекается спортом и музыкой.",24351,"А — 2 (Сочи (город) объявиЛ), Б — 4 (ошибка при переводе в косвенную речь), В — 3 (на заводе «Урал»), Г — 5 (описывает (что?) и восхищается (чем?)), Д — 1 (вопреки предсказаниЮ). Ответ: 24351"
8,синтаксис_ошибки,"Установите соответствие между грамматическими ошибками и предложениями, в которых они допущены: к каждой позиции первого столбца подберите соответствующую позицию из второго столбца.\n\nГРАММАТИЧЕСКИЕ ОШИБКИ:\nА) нарушение в построении предложения с причастным оборотом\nБ) нарушение в построении предложения с деепричастным оборотом\nВ) ошибка в построении сложного предложения\nГ) нарушение связи между подлежащим и сказуемым\nД) нарушение в построении предложения с несогласованным приложением\n\nПРЕДЛОЖЕНИЯ:\n1) ООН приняла важную резолюцию.\n2) Смотря фильм, у нее на глазах появились слезы.\n3) Мы подошли к дому, находившемуся на краю деревни.\n4) Приехавшие делегаты на конференцию обсуждали важные вопросы.\n5) Мать спросила сына, что не холодно ли ему.\n6) Кто, как не мать, пожалеют ребенка.\n7) На теплоходе «Михаиле Светлове» играла громкая музыка.\n8) Выйдя на улицу, он почувствовал резкий холод.\n9) В журнале «Наука и жизнь» напечатана интересная статья.",42567,"А — 4 (определяемое слово внутри оборота), Б — 2 (деепричастие не связано с подлежащим «слезы»), В — 5 (лишний союз «что» перед «ли»), Г — 6 (кто пожалеЕТ), Д — 7 (на теплоходе «Михаил Светлов»). Ответ: 42567"
8,синтаксис_ошибки,"Установите соответствие между грамматическими ошибками и предложениями, в которых они допущены: к каждой позиции первого столбца подберите соответствующую позицию из второго столбца.\n\nГРАММАТИЧЕСКИЕ ОШИБКИ:\nА) ошибка в построении предложения с однородными членами\nБ) неправильное употребление падежной формы существительного с предлогом\nВ) нарушение в построении предложения с косвенной речью\nГ) нарушение в построении предложения с причастным оборотом\nД) нарушение связи между подлежащим и сказуемым\n\nПРЕДЛОЖЕНИЯ:\n1) Никто из тех, кто присутствовали на собрании, не возражал.\n2) По приезду из отпуска он сразу вышел на работу.\n3) Бабушка всегда говорила, что я никогда не унываю.\n4) Он был смел, решителен и добрый.\n5) Посаженные деревья весной уже дали первые листья.\n6) Те, кто знает правду, молчат.\n7) По истечении срока годности продукт нельзя употреблять.\n8) Он любит читать книги и смотреть фильмы.\n9) Написанная известным автором картина висела в центре зала.",42351,"А — 4 (смешение краткой и полной формы прилагательных), Б — 2 (по приездЕ), В — 3 (неверное местоимение «я»), Г — 5 (определяемое слово разорвало оборот), Д — 1 (кто присутствоваЛ). Ответ: 42351"
8,синтаксис_ошибки,"Установите соответствие между грамматическими ошибками и предложениями, в которых они допущены: к каждой позиции первого столбца подберите соответствующую позицию из второго столбца.\n\nГРАММАТИЧЕСКИЕ ОШИБКИ:\nА) нарушение в построении предложения с несогласованным приложением\nБ) неправильное построение сложного предложения\nВ) нарушение в построении предложения с деепричастным оборотом\nГ) неправильное употребление падежной формы существительного с предлогом\nД) ошибка в построении предложения с однородными членами\n\nПРЕДЛОЖЕНИЯ:\n1) Мы посмотрели документальный фильм «Титаник».\n2) Благодаря хорошей погоды урожай был богатым.\n3) Окончив университет, его приняли на хорошую работу.\n4) В поэме «Мертвых душах» Гоголь изобразил помещиков.\n5) Ученик сказал то, что он забыл дневник.\n6) Как взрослые, так и дети радовались наступившему празднику.\n7) Он любил как яблоки, а также груши.\n8) Согласно приказу директора, завтра объявлен выходной.\n9) Подходя к лесу, мы услышали звонкое пение птиц.",45327,"А — 4 (в поэме «Мертвые души»), Б — 5 (лишнее указательное слово «то»), В — 3 (действие деепричастия не относится к подлежащему), Г — 2 (благодаря погодЕ), Д — 7 (искажение парного союза «как... так и»). Ответ: 45327"
8,синтаксис_ошибки,"Установите соответствие между грамматическими ошибками и предложениями, в которых они допущены: к каждой позиции первого столбца подберите соответствующую позицию из второго столбца.\n\nГРАММАТИЧЕСКИЕ ОШИБКИ:\nА) нарушение связи между подлежащим и сказуемым\nБ) нарушение в построении предложения с причастным оборотом\nВ) неправильное построение предложения с косвенной речью\nГ) ошибка в построении предложения с однородными членами\nД) нарушение в построении предложения с деепричастным оборотом\n\nПРЕДЛОЖЕНИЯ:\n1) Те, кто готовился к экзамену, сдал его на отлично.\n2) Опубликованная статья в журнале вызвала бурные споры.\n3) Тренер сказал спортсменам, что вам нужно больше тренироваться.\n4) Он не только прочитал книгу, но и написал на нее рецензию.\n5) Мы надеемся на успех и что все будет хорошо.\n6) Открывая дверь, она громко скрипнула.\n7) Все, кто был на концерте, аплодировали стоя.\n8) Выполняя задание, студент опирался на лекции профессора.\n9) Книга, лежащая на столе, принадлежит моему брату.",12356,"А — 1 (те сдалИ), Б — 2 (определяемое слово внутри оборота), В — 3 (смешение прямой и косвенной речи, местоимение «вам»), Г — 5 (объединение существительного и придаточного предложения как однородных), Д — 6 (дверь сама себя не открывала). Ответ: 12356"
9,корень,"Укажите варианты ответов, в которых во всех словах одного ряда пропущена одна и та же буква. Запишите номера ответов.\n1) выг..реть, пл..вец, к..мпьютер\n2) зар..сли, р..сток, ур..вень\n3) выт..рать, расст..лить, бл..стать\n4) к..саться, изл..гать, п..норама\n5) щ..бетать, ум..рать, оп..раться",124,"1) выгОреть, плОвец, кОмпьютер; 2) зарОсли, рОсток, урОвень; 3) вытИрать, расстЕлить, блИстать; 4) кАсаться, излАгать, пАнорама; 5) щЕбетать, умИрать, опИраться. Ответ: 124"
9,корень,"Укажите варианты ответов, в которых во всех словах одного ряда пропущена одна и та же буква. Запишите номера ответов.\n1) прил..гательное, м..кулатура, выр..стать\n2) ст..реть, изм..рять, зам..реть\n3) оп..раться, выт..реть, зап..реть\n4) п..лисадник, экз..менатор, к..рнавал\n5) т..релка, ф..нарь, к..нфорка",124,"1) прилАгательное, мАкулатура, вырАстать; 2) стЕреть, измЕрять (мЕрка), замЕреть; 3) опИраться, вытЕреть, запЕреть; 4) пАлисадник, экзАменатор, кАрнавал; 5) тАрелка, фОнарь, кОнфорка. Ответ: 124"
9,корень,"Укажите варианты ответов, в которых во всех словах одного ряда пропущена одна и та же буква. Запишите номера ответов.\n1) г..ризонт, обл..котиться, прил..жение\n2) акв..рель, пл..вучий, к..сательная\n3) разб..рать, бл..стеть, оп..раться\n4) заж..гать, выч..тать, д..ректива\n5) м..ценат, ц..ремония, выст..лать",124,"1) гОризонт, облОкотиться, прилОжение; 2) аквАрель, плАвучий, кАсательная; 3) разбИрать, блЕстеть, опИраться; 4) зажИгать, вычИтать, дИректива; 5) мЕценат, цЕремония, выстИлать. Ответ: 124"
9,корень,"Укажите варианты ответов, в которых во всех словах одного ряда пропущена одна и та же буква. Запишите номера ответов.\n1) тв..рец, к..мпромисс, прик..сновение\n2) ут..пический, п..литра, к..варный\n3) выт..рпеть, сб..регать, зам..рли\n4) зап..вать (лекарство), оч..ровать, к..мпаньон\n5) наст..лать, ц..клон, прив..легия",135,"1) твОрец, кОмпромисс, прикОсновение; 2) утОпический, пАлитра, кОварный; 3) вытЕрпеть, сбЕрегать, замЕрли; 4) запИвать, очАровать, кОмпаньон; 5) настИлать, цИклон, привИлегия. Ответ: 135"
9,корень,"Укажите варианты ответов, в которых во всех словах одного ряда пропущена одна и та же буква. Запишите номера ответов.\n1) п..рламент, об..яние, к..сательная\n2) выч..сть, соч..тание, расст..лить\n3) ст..листический, бл..стательный, л..нгвистика\n4) укр..титель, выск..чить, г..рнир\n5) м..рмелад, об..ятельный, отр..сль",1235,"1) пАрламент, обАяние, кАсательная; 2) вычЕсть, сочЕтание, расстЕлить; 3) стИлистический, блИстательный, лИнгвистика; 4) укрОтитель, выскОчить, гАрнир; 5) мАрмелад, обАятельный, отрАсль. Ответ: 1235"
9,корень,"Укажите варианты ответов, в которых во всех словах одного ряда пропущена одна и та же буква. Запишите номера ответов.\n1) ск..чок, оз..рение, м..кулатура\n2) п..риод, д..ректор, ст..реть\n3) прет..ндент, экзам..натор, бл..снуть\n4) выр..щенный, аном..лия, г..рмония\n5) п..норама, з..рница, р..внина",1345,"1) скАчок, озАрение, мАкулатура; 2) пЕриод, дИректор, стЕреть; 3) претЕндент, экзамЕнатор, блЕснуть; 4) вырАщенный, аномАлия, гАрмония; 5) пАнорама, зАрница, рАвнина. Ответ: 1345"
9,корень,"Укажите варианты ответов, в которых во всех словах одного ряда пропущена одна и та же буква. Запишите номера ответов.\n1) зам..реть, п..рила, т..рраса\n2) обж..гать, д..агноз, п..лисадник\n3) п..литра, к..варный, з..ря\n4) к..лонна, к..мбинезон, водор..сль\n5) разб..раться, зан..маться, м..ниатюра",145,"1) замЕреть, пЕрила, тЕрраса; 2) обжИгать, дИагноз, пАлисадник; 3) пАлитра, кОварный, зАря; 4) кОлонна, кОмбинезон, водорОсль; 5) разбИраться, занИматься, мИниатюра. Ответ: 145"
9,корень,"Укажите варианты ответов, в которых во всех словах одного ряда пропущена одна и та же буква. Запишите номера ответов.\n1) уб..рать, ор..ентир, кр..терий\n2) изл..гать, п..рашют, ут..пический\n3) расст..лать, ц..ремония, эст..када\n4) предл..жение, выг..ревший, ант..гонизм\n5) к..нфликт, эв..люция, р..сток",15,"1) убИрать, орИентир, крИтерий; 2) излАгать, пАрашют, утОпический; 3) расстИлать, цЕремония, эстАкада; 4) предлОжение, выгОревший, антАгонизм; 5) кОнфликт, эвОлюция, рОсток. Ответ: 15"
9,корень,"Укажите варианты ответов, в которых во всех словах одного ряда пропущена одна и та же буква. Запишите номера ответов.\n1) п..йзаж, т..ория, в..теран\n2) к..ртофель, об..няние, б..гровый\n3) оп..раться, ст..пендия, д..рижёр\n4) пл..вучий, обм..кнуть, экв..тор\n5) ф..стиваль, инт..ллект, зам..реть",1345,"1) пЕйзаж, тЕория, вЕтеран; 2) кАртофель, обОняние, бАгровый; 3) опИраться, стИпендия, дИрижёр; 4) плАвучий, обмАкнуть, эквАтор; 5) фЕстиваль, интЕллект, замЕреть. Ответ: 1345"
9,корень,"Укажите варианты ответов, в которых во всех словах одного ряда пропущена одна и та же буква. Запишите номера ответов.\n1) тв..рение, к..ммерсант, отр..сль\n2) д..апазон, д..ректор, изб..ратель\n3) тр..диция, выр..сти, п..норама\n4) прим..рять (друзей), изм..рять (площадь), к..варство\n5) д..серт, в..ликолепный, выст..лить",235,"1) твОрение, кОммерсант, отрАсль; 2) дИапазон, дИректор, избИратель; 3) трАдиция, вырАсти, пАнорама; 4) примИрять, измЕрять, кОварство; 5) дЕсерт, вЕликолепный, выстЕлить. Ответ: 235"
9,корень,"Укажите варианты ответов, в которых во всех словах одного ряда пропущена одна и та же буква. Запишите номера ответов.\n1) р..внина, к..стрюля, з..ря\n2) к..ндуктор, уг..реть, п..рламент\n3) л..ловый, л..цензия, заж..гать\n4) разв..ваться (о флаге), ф..зиономия, п..риферия\n5) ш..девр, инж..нер, зам..реть",135,"1) рАвнина, кАстрюля, зАря; 2) кОндуктор, угОреть, пАрламент; 3) лИловый, лИцензия, зажИгать; 4) развЕваться, фИзиономия, пЕриферия; 5) шЕдевр, инжЕнер, замЕреть. Ответ: 135"
9,корень,"Укажите варианты ответов, в которых во всех словах одного ряда пропущена одна и та же буква. Запишите номера ответов.\n1) к..морка, т..лант, л..гушка\n2) акв..рельный, эст..када, г..рнир\n3) апп..тит, выт..рпеть, с..реневый\n4) выск..чить, л..гичный, к..нспект\n5) пр..стиж, экстр..мальный, ч..мпион",1245,"1) кАморка, тАлант, лАгушка; 2) аквАрельный, эстАкада, гАрнир; 3) аппЕтит, вытЕрпеть, сИреневый; 4) выскОчить, лОгичный, кОнспект; 5) прЕстиж, экстрЕмальный, чЕмпион. Ответ: 1245"
9,корень,"Укажите варианты ответов, в которых во всех словах одного ряда пропущена одна и та же буква. Запишите номера ответов.\n1) эл..ксир, вин..грет, в..нтиляция\n2) б..лкон, г..лактика, м..кака\n3) д..кумент, пол..г, ф..рфоровый\n4) зап..реть, ст..реть, инт..ллект\n5) р..сток, г..релка, в..кзал",245,"1) элИксир, винЕгрет, вЕнтиляция; 2) бАлкон, гАлактика, мАкака; 3) дОкумент, полОг, фАрфоровый; 4) запЕреть, стЕреть, интЕллект; 5) рОсток, гОрелка, вОкзал. Ответ: 245"
9,корень,"Укажите варианты ответов, в которых во всех словах одного ряда пропущена одна и та же буква. Запишите номера ответов.\n1) с..лдат, пл..вец, оз..рение\n2) з..рница, ур..внение, обм..кнуть\n3) ф..нтазия, г..рмония, п..литра\n4) г..гантский, ор..гинал, ст..пендия\n5) м..нистр, изв..нение, л..цензия",2345,"1) сОлдат, плОвец, озАрение; 2) зАрница, урАвнение, обмАкнуть; 3) фАнтазия, гАрмония, пАлитра; 4) гИгантский, орИгинал, стИпендия; 5) мИнистр, извИнение, лИцензия. Ответ: 2345"
9,корень,"Укажите варианты ответов, в которых во всех словах одного ряда пропущена одна и та же буква. Запишите номера ответов.\n1) выр..щенный, п..роль, п..норама\n2) покл..няться, прик..сновение, ск..чок\n3) ф..номен, ч..мпион, расст..лать\n4) арт..ллерия, уб..рать, д..рижёр\n5) ск..кать, отр..сль, к..сательная",145,"1) вырАщенный, пАроль, пАнорама; 2) поклОняться, прикОсновение, скАчок; 3) фЕномен, чЕмпион, расстИлать; 4) артИллерия, убИрать, дИрижёр; 5) скАкать, отрАсль, кАсательная. Ответ: 145"
9,корень,"Укажите варианты ответов, в которых во всех словах одного ряда пропущена одна и та же буква. Запишите номера ответов.\n1) пр..вилегия, ин..циатива, соб..рать\n2) обв..нять, разв..ваться (сюжет), бл..стеть\n3) выг..рать, з..рница, к..варный\n4) выч..сть, соч..тание, инт..ллектуальный\n5) ав..нгард, б..гряный, выр..стать",145,"1) прИвилегия, инИциатива, собИрать; 2) обвИнять, развИваться, блЕстеть; 3) выгОрать, зАрница, кОварный; 4) вычЕсть, сочЕтание, интЕллектуальный; 5) авАнгард, бАгряный, вырАстать. Ответ: 145"
9,корень,"Укажите варианты ответов, в которых во всех словах одного ряда пропущена одна и та же буква. Запишите номера ответов.\n1) п..лисадник, л..биринт, акв..рель\n2) д..ректор, ст..листика, бл..стать\n3) п..йзаж, п..риод, наст..лать\n4) к..ндуктор, ф..рфор, пл..вец\n5) р..стовщик, к..мбинезон, г..ризонт",125,"1) пАлисадник, лАбиринт, аквАрель; 2) дИректор, стИлистика, блИстать; 3) пЕйзаж, пЕриод, настИлать; 4) кОндуктор, фАрфор, плОвец; 5) рОстовщик, кОмбинезон, гОризонт. Ответ: 125"
9,корень,"Укажите варианты ответов, в которых во всех словах одного ряда пропущена одна и та же буква. Запишите номера ответов.\n1) экз..менатор, гр..мадный, м..кулатура\n2) эл..мент, экстр..мальный, соч..тание\n3) р..стовщик, попл..вок, прил..жение\n4) п..норама, г..рнир, к..сательная\n5) ор..ентир, разб..рать, д..алог",245,"1) экзАменатор, грОмадный, мАкулатура; 2) элЕмент, экстрЕмальный, сочЕтание; 3) рОстовщик, поплАвок, прилОжение; 4) пАнорама, гАрнир, кАсательная; 5) орИентир, разбИрать, дИалог. Ответ: 245"
9,корень,"Укажите варианты ответов, в которых во всех словах одного ряда пропущена одна и та же буква. Запишите номера ответов.\n1) прим..рять (платье), зам..реть, п..рила\n2) бл..стательный, выт..рать, пр..оритет\n3) ум..рать, б..седа, л..генда\n4) г..релка, оз..рять, тв..рец\n5) м..гистраль, выр..щенный, р..внина",125,"1) примЕрять, замЕреть, пЕрила; 2) блИстательный, вытИрать, прИоритет; 3) умИрать, бЕседа, лЕгенда; 4) гОрелка, озАрять, твОрец; 5) мАгистраль, вырАщенный, рАвнина. Ответ: 125"
9,корень,"Укажите варианты ответов, в которых во всех словах одного ряда пропущена одна и та же буква. Запишите номера ответов.\n1) г..ризонт, об..яние, м..тивировать\n2) л..нолеум, ст..пендия, выт..рать\n3) ст..реть, д..серт, в..теран\n4) б..гряный, п..литра, к..рнавал\n5) попл..вок, р..сток, г..реть",234,"1) гОризонт, обАяние, мОтивировать; 2) лИнолеум, стИпендия, вытИрать; 3) стЕреть, дЕсерт, вЕтеран; 4) бАгряный, пАлитра, кАрнавал; 5) поплАвок, рОсток, гОреть. Ответ: 234"
10,приставки,"Укажите варианты ответов, в которых во всех словах одного ряда пропущена одна и та же буква. Запишите номера ответов.\n1) пр..мудрый, пр..одолеть, пр..рекаться\n2) бе..дарный, и..бежать, ра..грызть\n3) от..брать, п..дскочить, нед..варить\n4) в..юга, п..еса, бул..он\n5) сверх..нтересный, меж..нститутский, по..ск",12345,"1) прЕмудрый, прЕодолеть, прЕрекаться; 2) беЗдарный, иЗбежать, раЗгрызть; 3) отОбрать, пОдскочить, недОварить; 4) вЬюга, пЬеса, булЬон; 5) сверхИнтересный, межИнститутский, поИск. Ответ: 12345"
10,приставки,"Укажите варианты ответов, в которых во всех словах одного ряда пропущена одна и та же буква. Запишите номера ответов.\n1) и..подтишка, ра..щедриться, бе..шумный\n2) под..тожить, дез..нформация, без..сходный\n3) пр..рвать, пр..емник (традиций), пр..успеть\n4) не..бхватный, п..дшутить, н..дписать\n5) об..ятие, с..ёмка, под..ём",135,"1) иСподтишка, раСщедриться, беСшумный; 2) подЫтожить, дезИнформация, безЫсходный; 3) прЕрвать, прЕемник, прЕуспеть; 4) неОбхватный, пОдшутить, нАдписать; 5) обЪятие, сЪёмка, подЪём. Ответ: 135"
10,приставки,"Укажите варианты ответов, в которых во всех словах одного ряда пропущена одна и та же буква. Запишите номера ответов.\n1) сверх..зысканный, меж..гровой, вз..мать\n2) и..черпать, ни..падать, во..кликнуть\n3) пр..школьный, пр..морский, пр..бывать (в город)\n4) с..трудник, п..ход, з..работок\n5) с..едобный, ин..екция, из..ян",1235,"1) сверхИзысканный, межИгровой, взИмать; 2) иСчерпать, ниСпадать, воСкликнуть; 3) прИшкольный, прИморский, прИбывать; 4) сОтрудник, пОход, зАработок; 5) сЪедобный, инЪекция, изЪян. Ответ: 1235"
10,приставки,"Укажите варианты ответов, в которых во всех словах одного ряда пропущена одна и та же буква. Запишите номера ответов.\n1) ра..жечь, и..зябнуть, в..бодрить\n2) пр..следовать, пр..небрегать, пр..пятствие\n3) от..мкнуть, под..звать, об..гнуть\n4) от..граться, раз..скать, без..сходный\n5) необ..ятный, с..ёжиться, п..едестал",1234,"1) раЗжечь, иЗзябнуть, вЗбодрить; 2) прЕследовать, прЕнебрегать, прЕпятствие; 3) отОмкнуть, подОзвать, обОгнуть; 4) отЫграться, разЫскать, безЫсходный; 5) необЪятный, сЪёжиться, пЬедестал. Ответ: 1234"
10,приставки,"Укажите варианты ответов, в которых во всех словах одного ряда пропущена одна и та же буква. Запишите номера ответов.\n1) пр..чудливый, пр..митивный, пр..тензия\n2) бе..компромиссный, чере..чур, ра..считать\n3) вз..скать, без..нвентарный, под..тожить\n4) п..дсказка, ..тдалить, п..никнуть\n5) ад..ютант, ин..екция, кон..юнктура",2345,"1) прИчудливый, прИмитивный, прЕтензия; 2) беСкомпромиссный, череСчур, раСсчитать; 3) взЫскать, безЫнвентарный, подЫтожить; 4) пОдсказка, Отдалить, пОникнуть; 5) адЪютант, инЪекция, конЪюнктура. Ответ: 2345"
10,приставки,"Укажите варианты ответов, в которых во всех словах одного ряда пропущена одна и та же буква. Запишите номера ответов.\n1) пр..образ, нед..варить, п..додвинуть\n2) пр..следовать, пр..зидент, пр..тендент\n3) ..десь, ..дание, не..держанный\n4) сверх..нициативный, пан..сламизм, мед..нститут\n5) из..ян, об..ёмный, п..янство",124,"1) прОобраз, недОварить, пОдодвинуть; 2) прЕследовать, прЕзидент, прЕтендент; 3) Здесь, Здание, неСдержанный; 4) сверхИнициативный, панИсламизм, медИнститут; 5) изЪян, обЪёмный, пЬянство. Ответ: 124"
10,приставки,"Укажите варианты ответов, в которых во всех словах одного ряда пропущена одна и та же буква. Запишите номера ответов.\n1) бе..полезный, и..царапать, во..кликнуть\n2) пр..бывать (на станции), пр..мерять (костюм), пр..обрести\n3) от..скать, раз..грать, пред..дущий\n4) не..тъемлемый, з..головок, пр..бабушка\n5) с..езд, пред..юбилейный, двух..ярусный",135,"1) беСполезный, иСцарапать, воСкликнуть; 2) прЕбывать, прИмерять, прИобрести; 3) отЫскать, разЫграть, предЫдущий; 4) неОтъемлемый, зАголовок, прАбабушка; 5) сЪезд, предЪюбилейный, двухЪярусный. Ответ: 135"
10,приставки,"Укажите варианты ответов, в которых во всех словах одного ряда пропущена одна и та же буква. Запишите номера ответов.\n1) непр..ступная (скала), пр..митивный, пр..чуда\n2) чере..чур, и..чезнуть, бе..цельный\n3) с..змала, пред..стория, из..скать\n4) пр..язык, з..работать, н..дпись\n5) п..едестал, в..юнок, с..ёмка",1234,"1) непрИступная, прИмитивный, прИчуда; 2) череСчур, иСчезнуть, беСцельный; 3) сЫзмала, предЫстория, изЫскать; 4) прАязык, зАработать, нАдпись; 5) пЬедестал, вЬюнок, сЪёмка. Ответ: 1234"
10,приставки,"Укажите варианты ответов, в которых во всех словах одного ряда пропущена одна и та же буква. Запишите номера ответов.\n1) бе..граничный, во..гордиться, и..зябнуть\n2) пр..града, пр..рвать, пр..мудрый\n3) супер..гра, вз..мать, дез..нформация\n4) под..езд, из..ян, с..ёмка\n5) не..тступно, п..ддакивать, ..тбросить",12345,"1) беЗграничный, воЗгордиться, иЗзябнуть; 2) прЕграда, прЕрвать, прЕмудрый; 3) суперИгра, взИмать, дезИнформация; 4) подЪезд, изЪян, сЪёмка; 5) неОтступно, пОддакивать, Отбросить. Ответ: 12345"
10,приставки,"Укажите варианты ответов, в которых во всех словах одного ряда пропущена одна и та же буква. Запишите номера ответов.\n1) ра..кроить, бе..шумный, и..портить\n2) пр..творить (дверь), пр..сесть, пр..морский\n3) раз..скать, от..граться, без..скусный\n4) с..трудник, пр..родина, нед..варить\n5) двух..ярусный, пред..юбилейный, п..еса",123,"1) раСкроить, беСшумный, иСпортить; 2) прИтворить, прИсесть, прИморский; 3) разЫскать, отЫграться, безЫскусный; 4) сОтрудник, прАродина, недОварить; 5) двухЪярусный, предЪюбилейный, пЬеса. Ответ: 123"
10,приставки,"Укажите варианты ответов, в которых во всех словах одного ряда пропущена одна и та же буква. Запишите номера ответов.\n1) пр..одолеть, пр..рекаться, пр..следовать\n2) ра..будить, бе..жалостный, и..давать\n3) меж..нститутский, по..стине, сверх..зысканный\n4) пред..ставить, п..дсказать, ..тдать\n5) п..дписать, н..дломить, пр..бабушка",1234,"1) прЕодолеть, прЕрекаться, прЕследовать; 2) раЗбудить, беЗжалостный, иЗдавать; 3) межИнститутский, поИстине, сверхИзысканный; 4) предОставить, пОдсказать, Отдать; 5) пОдписать, нАдломить, прАбабушка. Ответ: 1234"
10,приставки,"Укажите варианты ответов, в которых во всех словах одного ряда пропущена одна и та же буква. Запишите номера ответов.\n1) ни..провергать, бе..конечный, и..текать\n2) пр..бывать (на станцию), пр..поднять, пр..клеить\n3) пред..нфарктный, под..скать, без..нтересный\n4) об..ём, ин..екция, ад..ютант\n5) не..хватный, д..верху, п..дмигнуть",12345,"1) ниСпровергать, беСконечный, иСтекать; 2) прИбывать, прИподнять, прИклеить; 3) предЫнфарктный, подЫскать, безЫнтересный; 4) обЪём, инЪекция, адЪютант; 5) неОбхватный, дОверху, пОдмигнуть. Ответ: 12345"
10,приставки,"Укажите варианты ответов, в которых во всех словах одного ряда пропущена одна и та же буква. Запишите номера ответов.\n1) пр..увеличить, пр..кратить, пр..образовать\n2) во..создать, ни..падать, бе..характерный\n3) вз..мать, супер..нтересный, меж..гровой\n4) под..езд, от..явленный, в..юга\n5) п..дсказка, п..завчера, ..тблеск",1235,"1) прЕувеличить, прЕкратить, прЕобразовать; 2) воСсоздать, ниСпадать, беСхарактерный; 3) взИмать, суперИнтересный, межИгровой; 4) подЪезд, отЪявленный, вЬюга; 5) пОдсказка, пОзавчера, Отблеск. Ответ: 1235"
10,приставки,"Укажите варианты ответов, в которых во всех словах одного ряда пропущена одна и та же буква. Запишите номера ответов.\n1) не..сдобровать, бе..вкусный, ..дание\n2) пр..чудливый, пр..тензия, пр..митивный\n3) пред..стория, без..сходный, от..грать\n4) об..скать, раз..грать, под..тожить\n5) зав..южило, сер..езный, п..еса",345,"1) неСдобровать, беЗвкусный, Здание; 2) прИчудливый, прЕтензия, прИмитивный; 3) предЫстория, безЫсходный, отЫграть; 4) обЫскать, разЫграть, подЫтожить; 5) завЬюжило, серЬезный, пЬеса. Ответ: 345"
10,приставки,"Укажите варианты ответов, в которых во всех словах одного ряда пропущена одна и та же буква. Запишите номера ответов.\n1) пр..следовать, пр..зидент, пр..тендент\n2) бе..церемонный, и..царапать, ра..щедриться\n3) под..езд, с..ёмка, пред..юбилейный\n4) дез..нформация, пост..нфарктный, супер..гра\n5) з..головок, пр..дедушка, н..дписать",12345,"1) прЕследовать, прЕзидент, прЕтендент; 2) беСцеремонный, иСцарапать, раСщедриться; 3) подЪезд, сЪёмка, предЪюбилейный; 4) дезИнформация, постИнфарктный, суперИгра; 5) зАголовок, прАдедушка, нАдписать. Ответ: 12345"
10,приставки,"Укажите варианты ответов, в которых во всех словах одного ряда пропущена одна и та же буква. Запишите номера ответов.\n1) пр..терпеться (к боли), пр..ручить, пр..вратник\n2) ра..жечь, и..зябнуть, в..бодрить\n3) с..змала, раз..скать, пред..дущий\n4) п..дбросить, ..тдать, д..бела\n5) п..едестал, ад..ютант, об..ём",1234,"1) прИтерпеться, прИручить, прИвратник; 2) раЗжечь, иЗзябнуть, вЗбодрить; 3) сЫзмала, разЫскать, предЫдущий; 4) пОдбросить, Отдать, дОбела; 5) пЬедестал, адЪютант, обЪём. Ответ: 1234"
10,приставки,"Укажите варианты ответов, в которых во всех словах одного ряда пропущена одна и та же буква. Запишите номера ответов.\n1) и..подтишка, ра..щедриться, бе..шумный\n2) без..сходный, раз..скать, пред..стория\n3) пр..пятствие, пр..одолеть, пр..рекаться\n4) п..дмигнуть, пр..родитель, ..тдалить\n5) об..ятие, с..ёмка, под..ём",1235,"1) иСподтишка, раСщедриться, беСшумный; 2) безЫсходный, разЫскать, предЫстория; 3) прЕпятствие, прЕодолеть, прЕрекаться; 4) пОдмигнуть, прАродитель, Отдалить; 5) обЪятие, сЪёмка, подЪём. Ответ: 1235"
10,приставки,"Укажите варианты ответов, в которых во всех словах одного ряда пропущена одна и та же буква. Запишите номера ответов.\n1) вз..скать, без..нвентарный, под..тожить\n2) п..дсказка, ..тдалить, п..никнуть\n3) пр..чудливый, непр..ступный, пр..вилегия\n4) ад..ютант, ин..екция, кон..юнктура\n5) бе..компромиссный, чере..чур, ра..считать",12345,"1) взЫскать, безЫнвентарный, подЫтожить; 2) пОдсказка, Отдалить, пОникнуть; 3) прИчудливый, непрИступный, прИвилегия; 4) адЪютант, инЪекция, конЪюнктура; 5) беСкомпромиссный, череСчур, раСсчитать. Ответ: 12345"
10,приставки,"Укажите варианты ответов, в которых во всех словах одного ряда пропущена одна и та же буква. Запишите номера ответов.\n1) пр..образ, нед..варить, п..додвинуть\n2) пр..следовать, пр..небрегать, пр..пятствие\n3) сверх..нициативный, пан..сламизм, мед..нститут\n4) ра..будить, бе..донный, в..дохнуть\n5) в..юга, п..еса, бул..он",12345,"1) прОобраз, недОварить, пОдодвинуть; 2) прЕследовать, прЕнебрегать, прЕпятствие; 3) сверхИнициативный, панИсламизм, медИнститут; 4) раЗбудить, беЗдонный, вЗдохнуть; 5) вЬюга, пЬеса, булЬон. Ответ: 12345"
10,приставки,"Укажите варианты ответов, в которых во всех словах одного ряда пропущена одна и та же буква. Запишите номера ответов.\n1) бе..полезный, и..царапать, во..кликнуть\n2) пр..бывать (в город), пр..митивный, пр..чуда\n3) от..скать, раз..грать, пред..дущий\n4) с..езд, пред..юбилейный, двух..ярусный\n5) з..головок, пр..бабушка, н..дпись",12345,"1) беСполезный, иСцарапать, воСкликнуть; 2) прИбывать, прИмитивный, прИчуда; 3) отЫскать, разЫграть, предЫдущий; 4) сЪезд, предЪюбилейный, двухЪярусный; 5) зАголовок, прАбабушка, нАдпись. Ответ: 12345"
11,суффиксы,"Укажите варианты ответов, в которых во всех словах одного ряда пропущена одна и та же буква. Запишите номера ответов.\n1) заботл..вый, завистл..вый\n2) затм..вать, подароч..к\n3) алюмини..вый, гуттаперч..вый\n4) издавн.., справ..\n5) письм..цо, кресл..це",1234,"1) заботлИвый, завистлИвый; 2) затмЕвать, подарочЕк; 3) алюминиЕвый, гуттаперчЕвый; 4) издавнА, справА; 5) письмЕцо, креслИце. Ответ: 1234"
11,суффиксы,"Укажите варианты ответов, в которых во всех словах одного ряда пропущена одна и та же буква. Запишите номера ответов.\n1) юрод..вый, придирч..вый\n2) продл..вать, фланел..вый\n3) ноч..вать, корч..вать\n4) развед..вать, команд..вать\n5) надолг.., досрочн..",1235,"1) юродИвый, придирчИвый; 2) продлЕвать, фланелЕвый; 3) ночЕвать, корчЕвать; 4) разведЫвать, командОвать; 5) надолгО, досрочнО. Ответ: 1235"
11,суффиксы,"Укажите варианты ответов, в которых во всех словах одного ряда пропущена одна и та же буква. Запишите номера ответов.\n1) син..ватый, потч..вать\n2) разборч..вый, улыбч..вый\n3) снов.., досух..\n4) нищ..та, больш..нство\n5) жемчуж..нка, трещ..нка",1235,"1) синЕватый, потчЕвать; 2) разборчИвый, улыбчИвый; 3) сновА, досухА; 4) нищЕта, большИнство; 5) жемчужИнка, трещИнка. Ответ: 1235"
11,суффиксы,"Укажите варианты ответов, в которых во всех словах одного ряда пропущена одна и та же буква. Запишите номера ответов.\n1) расстра..ваться, усва..вать\n2) никел..вый, наста..вать\n3) луков..ца, пугов..ца\n4) досух.., направ..\n5) письм..цо, солом..нка",13,"1) расстраИваться, усваИвать; 2) никелЕвый, настаИвать; 3) луковИца, пуговИца; 4) досухА, направО; 5) письмЕцо, соломИнка. Ответ: 13"
11,суффиксы,"Укажите варианты ответов, в которых во всех словах одного ряда пропущена одна и та же буква. Запишите номера ответов.\n1) француж..нка, вишн..нка\n2) глянц..вый, марл..вый\n3) удост..ивать, застр..вать\n4) дружоч..к, замоч..к\n5) налев.., запрост..",1245,"1) францужЕнка, вишнЕнка; 2) глянцЕвый, марлЕвый; 3) удостаИвать, застрЕвать; 4) дружочЕк, замочЕк; 5) налевО, запростО. Ответ: 1245"
11,суффиксы,"Укажите варианты ответов, в которых во всех словах одного ряда пропущена одна и та же буква. Запишите номера ответов.\n1) дешёв..нький, сух..нький\n2) доверч..вый, обидч..вый\n3) овлад..вать, преодол..вать\n4) старш..нство, меньш..нство\n5) издревл.., наглух..",234,"1) дешевЕнький, сухОнький; 2) доверчИвый, обидчИвый; 3) овладЕвать, преодолЕвать; 4) старшИнство, меньшИнство; 5) издревлЕ, наглухО. Ответ: 234"
11,суффиксы,"Укажите варианты ответов, в которых во всех словах одного ряда пропущена одна и та же буква. Запишите номера ответов.\n1) вышаг..вать, доклад..вать\n2) сирен..вый, эмал..вый\n3) врач..вать, танц..вать\n4) бел..зна, тиш..на\n5) горяч.., досух..",1234,"1) вышагИвать, докладЫвать; 2) сиренЕвый, эмалЕвый; 3) врачЕвать, танцЕвать; 4) белИзна, тишИна; 5) горячО, досухА. Ответ: 1234"
11,суффиксы,"Укажите варианты ответов, в которых во всех словах одного ряда пропущена одна и та же буква. Запишите номера ответов.\n1) милост..вый, ступенч..тый\n2) раскра..вать, удва..вать\n3) израсход..вать, совет..вать\n4) насух.., добел..\n5) письм..цо, кресл..це",23,"1) милостИвый, ступенчАтый; 2) раскраИвать, удваИвать; 3) израсходОвать, советОвать; 4) насухО, добелА; 5) письмЕцо, креслИце. Ответ: 23"
11,суффиксы,"Укажите варианты ответов, в которых во всех словах одного ряда пропущена одна и та же буква. Запишите номера ответов.\n1) затм..вать, намер..ваться\n2) юрод..вый, гуттаперч..вый\n3) замоч..к, бараш..к\n4) досух.., досыт..\n5) расчётл..вый, приветл..вый",1345,"1) затмЕвать, намерЕваться; 2) юродИвый, гуттаперчЕвый; 3) замочЕк, барашЕк; 4) досухА, досытА; 5) расчётлИвый, приветлИвый. Ответ: 1345"
11,суффиксы,"Укажите варианты ответов, в которых во всех словах одного ряда пропущена одна и та же буква. Запишите номера ответов.\n1) потч..вать, корч..вать\n2) сбивч..вый, въедл..вый\n3) завед..вать, исповед..вать\n4) нищ..та, свеж..сть\n5) изжелт.., наглух..",1234,"1) потчЕвать, корчЕвать; 2) сбивчИвый, въедлИвый; 3) заведОвать, исповедОвать; 4) нищЕта, свежЕсть; 5) изжелтА, наглухО. Ответ: 1234"
11,суффиксы,"Укажите варианты ответов, в которых во всех словах одного ряда пропущена одна и та же буква. Запишите номера ответов.\n1) вывед..вать, развед..вать\n2) ноздр..ватый, глянц..витый\n3) нов..зна, крив..зна\n4) отапл..вать, прикле..вать\n5) занов.., издавн..",1234,"1) выведЫвать, разведЫвать; 2) ноздрЕватый, глянцЕвитый; 3) новИзна, кривИзна; 4) отаплИвать, приклеИвать; 5) зановО, издавнА. Ответ: 1234"
11,суффиксы,"Укажите варианты ответов, в которых во всех словах одного ряда пропущена одна и та же буква. Запишите номера ответов.\n1) совестл..вый, удачл..вый\n2) продл..вать, марганц..вый\n3) толщ..на, сед..на\n4) бус..нка, горош..нка\n5) дочист.., направ..",1234,"1) совестлИвый, удачлИвый; 2) продлЕвать, марганцЕвый; 3) толщИна, седИна; 4) бусИнка, горошИнка; 5) дочистА, направО. Ответ: 1234"
11,суффиксы,"Укажите варианты ответов, в которых во всех словах одного ряда пропущена одна и та же буква. Запишите номера ответов.\n1) тюл..вый, кали..вый\n2) ружь..цо, пальт..цо\n3) кресл..це, письм..цо\n4) слев.., издавн..\n5) вынаш..вать, рассчит..вать",1245,"1) тюлЕвый, калиЕвый; 2) ружьЕцо, пальтЕцо; 3) креслИце, письмЕцо; 4) слевА, издавнА; 5) вынашИвать, рассчитЫвать. Ответ: 1245"
11,суффиксы,"Укажите варианты ответов, в которых во всех словах одного ряда пропущена одна и та же буква. Запишите номера ответов.\n1) магни..вый, отрасл..вой\n2) причудл..вый, марл..вый\n3) засушл..вый, опрометч..вый\n4) танц..вать, ноч..вать\n5) изжелт.., досыт..",1345,"1) магниЕвый, отраслЕвой; 2) причудлИвый, марлЕвый; 3) засушлИвый, опрометчИвый; 4) танцЕвать, ночЕвать; 5) изжелтА, досытА. Ответ: 1345"
11,суффиксы,"Укажите варианты ответов, в которых во всех словах одного ряда пропущена одна и та же буква. Запишите номера ответов.\n1) милост..вый, расстра..ваться\n2) фасол..вый, плюш..вый\n3) завед..вать, проповед..вать\n4) жемчуж..на, скваж..на\n5) досух.., вправ..",1234,"1) милостИвый, расстраИваться; 2) фасолЕвый, плюшЕвый; 3) заведОвать, проповедОвать; 4) жемчужИна, скважИна; 5) досухА, вправО. Ответ: 1234"
11,суффиксы,"Укажите варианты ответов, в которых во всех словах одного ряда пропущена одна и та же буква. Запишите номера ответов.\n1) преодол..вать, гор..вать\n2) обидч..вый, непоседл..вый\n3) налев.., наглух..\n4) издавн.., досыт..\n5) сыноч..к, шалаш..к",1234,"1) преодолЕвать, горЕвать; 2) обидчИвый, непоседлИвый; 3) налевО, наглухО; 4) издавнА, досытА; 5) сыночЕк, шалашИк. Ответ: 1234"
11,суффиксы,"Укажите варианты ответов, в которых во всех словах одного ряда пропущена одна и та же буква. Запишите номера ответов.\n1) забол..вать, ослаб..вать\n2) раскра..вать, накапл..вать\n3) парч..вый, свинц..вый\n4) луков..ца, метел..ца\n5) молод..сть, текуч..сть",1234,"1) заболЕвать, ослабЕвать; 2) раскраИвать, накаплИвать; 3) парчОвый, свинцОвый; 4) луковИца, метелИца; 5) молодОсть, текучЕсть. Ответ: 1234"
11,суффиксы,"Укажите варианты ответов, в которых во всех словах одного ряда пропущена одна и та же буква. Запишите номера ответов.\n1) яблон..вый, гречн..вый\n2) заботл..вый, расчетл..вый\n3) пугов..чка, луков..чка\n4) времечк.., семечк..\n5) направ.., изредк..",1234,"1) яблонЕвый, гречнЕвый; 2) заботлИвый, расчетлИвый; 3) пуговИчка, луковИчка; 4) времечкО, семечкО; 5) направО, изредкА. Ответ: 1234"
11,суффиксы,"Укажите варианты ответов, в которых во всех словах одного ряда пропущена одна и та же буква. Запишите номера ответов.\n1) затм..вать, застр..вать\n2) горош..к, шалаш..к\n3) удост..ивать, усва..вать\n4) издавн.., слев..\n5) никел..вый, сирен..вый",1345,"1) затмЕвать, застрЕвать; 2) горошЕк, шалашИк; 3) удостаИвать, усваИвать; 4) издавнА, слевА; 5) никелЕвый, сиренЕвый. Ответ: 1345"
11,суффиксы,"Укажите варианты ответов, в которых во всех словах одного ряда пропущена одна и та же буква. Запишите номера ответов.\n1) милост..вый, юрод..вый\n2) претерп..вать, намер..ваться\n3) гуттаперч..вый, фольг..вый\n4) изжелт.., досух..\n5) надолг.., изредк..",1234,"1) милостИвый, юродИвый; 2) претерпЕвать, намерЕваться; 3) гуттаперчЕвый, фольгЕвый; 4) изжелтА, досухА; 5) надолгО, изредкА. Ответ: 1234"
12,спряжения,"Укажите варианты ответов, в которых во всех словах одного ряда пропущена одна и та же буква. Запишите номера ответов.\n1) (они) бор..тся, та..щий (снег)\n2) кле..щий, (они) постро..т\n3) завис..мый, леле..мый\n4) вывал..нный (в снегу), пристрел..нный (зверь)\n5) дремл..щий, (собаки) ла..т",125,"1) борЮтся, таЮщий; 2) клеЯщий, построЯт; 3) зависИмый, лелеЕмый; 4) вывалЯнный (валять), пристрелЕнный (пристрелить); 5) дремлЮщий, лаЮт. Ответ: 125"
12,спряжения,"Укажите варианты ответов, в которых во всех словах одного ряда пропущена одна и та же буква. Запишите номера ответов.\n1) знач..мый, (он) удерж..т\n2) (они) маш..т, бормоч..щий\n3) посе..вший, (они) ве..т\n4) немысл..мый, независ..мый\n5) подстриж..нный, терп..щий",124,"1) значИмый, удержИт; 2) машУт, бормочУщий; 3) посеЯвший, веЮт; 4) немыслИмый, независИмый; 5) подстрижЕнный, терпЯщий. Ответ: 124"
12,спряжения,"Укажите варианты ответов, в которых во всех словах одного ряда пропущена одна и та же буква. Запишите номера ответов.\n1) ненавид..вший, (он) посе..т\n2) слыш..щий, (они) хлопоч..т\n3) жал..щий, (они) леч..т\n4) приемл..мый, (он) кол..т\n5) вер..щий, (они) стро..т",1345,"1) ненавидЕвший, посеЕт; 2) слышАщий, хлопочУт; 3) жалЯщий, лечЯт; 4) приемлЕмый, колЕт; 5) верЯщий, строЯт. Ответ: 1345"
12,спряжения,"Укажите варианты ответов, в которых во всех словах одного ряда пропущена одна и та же буква. Запишите номера ответов.\n1) высмотр..шь, невид..мый\n2) бор..щийся, (они) мел..т (кофе)\n3) выкач..нная (из подвала вода), замеш..нное (тесто)\n4) (они) терп..т, кле..щий\n5) (он) дремл..т, немысл..мый",124,"1) высмотрИшь, невидИмый; 2) борЮщийся, мелЮт; 3) выкачАнная, замешЕнное; 4) терпЯт, клеЯщий; 5) дремлЕт, немыслИмый. Ответ: 124"
12,спряжения,"Укажите варианты ответов, в которых во всех словах одного ряда пропущена одна и та же буква. Запишите номера ответов.\n1) (они) стел..т, ре..щий\n2) обид..вший, (он) вылеч..т\n3) дыш..щий, (они) держ..т\n4) раска..вшийся, (они) посе..т\n5) леле..мый, (он) выруч..т",13,"1) стелЮт, реЮщий; 2) обидЕвший, вылечИт; 3) дышАщий, держАт; 4) раскаЯвшийся, посеЮт; 5) лелеЕмый, выручИт. Ответ: 13"
12,спряжения,"Укажите варианты ответов, в которых во всех словах одного ряда пропущена одна и та же буква. Запишите номера ответов.\n1) движ..мый, (он) обид..т\n2) маш..щий, (они) ищ..т\n3) (он) наде..тся, знач..щий\n4) выкач..нная (вода), (он) услыш..т\n5) та..вший, (они) ла..т",12,"1) движИмый, обидИт; 2) машУщий, ищУт; 3) надеЕтся, значАщий; 4) выкачАнная, услышИт; 5) таЯвший, лаЮт. Ответ: 12"
12,спряжения,"Укажите варианты ответов, в которых во всех словах одного ряда пропущена одна и та же буква. Запишите номера ответов.\n1) (он) верт..т, провер..вший\n2) (они) шепч..тся, лепеч..щий\n3) завис..мый, (он) обид..тся\n4) (они) бор..тся, та..щий\n5) вывал..нный (в грязи), (он) посе..т",1234,"1) вертИт, проверИвший; 2) шепчУтся, лепечУщий; 3) зависИмый, обидИтся; 4) борЮтся, таЮщий; 5) вывалЯнный, посеЕт. Ответ: 1234"
12,спряжения,"Укажите варианты ответов, в которых во всех словах одного ряда пропущена одна и та же буква. Запишите номера ответов.\n1) (они) гон..т, дыш..щий\n2) ове..нный, (они) чу..т\n3) колебл..мый, (он) бор..тся\n4) мысл..щий, (они) стро..т\n5) муч..мый, (он) ответ..т",345,"1) гонЯт, дышАщий; 2) овеЯнный, чуЮт; 3) колеблЕмый, борЕтся; 4) мыслЯщий, строЯт; 5) мучИмый, ответИт. Ответ: 345"
12,спряжения,"Укажите варианты ответов, в которых во всех словах одного ряда пропущена одна и та же буква. Запишите номера ответов.\n1) (он) дремл..т, колебл..мый\n2) слыш..мый, (он) выдерж..т\n3) (они) держ..т, слыш..щий\n4) (они) вер..т, кле..щий\n5) та..щий, (они) мел..т (зерно)",1234,"1) дремлЕт, колеблЕмый; 2) слышИмый, выдержИт; 3) держАт, слышАщий; 4) верЯт, клеЯщий; 5) таЯщий, мелЮт. Ответ: 1234"
12,спряжения,"Укажите варианты ответов, в которых во всех словах одного ряда пропущена одна и та же буква. Запишите номера ответов.\n1) (они) ка..тся, та..щий\n2) приемл..мый, (он) шепч..т\n3) невид..мый, (он) гон..т\n4) выстрел..вший, (он) бре..т\n5) (он) завис..т, леч..щий",123,"1) каЮтся, таЮщий; 2) приемлЕмый, шепчЕт; 3) невидИмый, гонИт; 4) выстрелИвший, бреЕт; 5) зависИт, лечАщий. Ответ: 123"
12,спряжения,"Укажите варианты ответов, в которых во всех словах одного ряда пропущена одна и та же буква. Запишите номера ответов.\n1) (они) ненавид..т, стро..щий\n2) колебл..щийся, (они) бор..тся\n3) встреч..нный, (он) обид..т\n4) (они) стел..т, ла..щий\n5) знач..мый, (он) вытерп..т",1245,"1) ненавидЯт, строЯщий; 2) колеблЮщийся, борЮтся; 3) встречЕнный, обидИт; 4) стелЮт, лаЮщий; 5) значИмый, вытерпИт. Ответ: 1245"
12,спряжения,"Укажите варианты ответов, в которых во всех словах одного ряда пропущена одна и та же буква. Запишите номера ответов.\n1) взлеле..нный, (они) ка..тся\n2) (он) дыш..т, леч..щий\n3) (они) пряч..т, плач..щий\n4) немысл..мый, (он) вытр..т\n5) выстро..вший, (он) провер..т",35,"1) взлелеЯнный, каЮтся; 2) дышИт, лечАщий; 3) прячУт, плачУщий; 4) немыслИмый, вытрЕт; 5) выстроИвший, проверИт. Ответ: 35"
12,спряжения,"Укажите варианты ответов, в которых во всех словах одного ряда пропущена одна и та же буква. Запишите номера ответов.\n1) выгор..вший, (он) посе..т\n2) вид..мый, (он) завис..т\n3) (они) маш..т, грохоч..щий\n4) бор..щийся, (они) хлопоч..т\n5) (они) пил..т, жал..щий",1235,"1) выгорЕвший, посеЕт; 2) видИмый, зависИт; 3) машУт, грохочУщий; 4) борЮщийся, хлопочУт; 5) пилЯт, жалЯщий. Ответ: 1235"
12,спряжения,"Укажите варианты ответов, в которых во всех словах одного ряда пропущена одна и та же буква. Запишите номера ответов.\n1) (он) стел..т, незыбл..мый\n2) помн..щий, (они) вер..т\n3) вывал..нный (в снегу), (они) держ..т\n4) муч..мый, (он) выстро..т\n5) (они) ищ..т, пряч..щий",1245,"1) стелЕт, незыблЕмый; 2) помнЯщий, верЯт; 3) вывалЯнный, держАт; 4) мучИмый, выстроИт; 5) ищУт, прячУщий. Ответ: 1245"
12,спряжения,"Укажите варианты ответов, в которых во всех словах одного ряда пропущена одна и та же буква. Запишите номера ответов.\n1) (он) тащ..т, вид..мый\n2) дремл..щий, (они) мел..т (кофе)\n3) (он) прикле..т, провер..вший\n4) раска..вшийся, (они) чу..т\n5) (он) бре..т, увенч..нный",123,"1) тащИт, видИмый; 2) дремлЮщий, мелЮт; 3) приклеИт, проверИвший; 4) раскаЯвшийся, чуЮт; 5) бреЕт, увенчАнный. Ответ: 123"
12,спряжения,"Укажите варианты ответов, в которых во всех словах одного ряда пропущена одна и та же буква. Запишите номера ответов.\n1) маяч..щий, (они) слыш..т\n2) (он) побор..т, невид..мый\n3) (они) се..т, ве..щий\n4) (они) бор..тся, кол..щий\n5) подслуш..нный, (он) гон..т",134,"1) маячАщий, слышАт; 2) поборЕт, невидИмый; 3) сеЮт, веЮщий; 4) борЮтся, колЮщий; 5) подслушАнный, гонИт. Ответ: 134"
12,спряжения,"Укажите варианты ответов, в которых во всех словах одного ряда пропущена одна и та же буква. Запишите номера ответов.\n1) выдерж..т (он), слыш..мый\n2) (они) стро..т, пеня..щий\n3) высп..тся (он), ненавид..мый\n4) (они) дремл..т, колыш..щийся\n5) (они) стел..т, ла..щий",135,"1) выдержИт, слышИмый; 2) строЯт, пеняЮщий; 3) выспИтся, ненавидИмый; 4) дремлЮт, колышУщийся; 5) стелЮт, лаЮщий. Ответ: 135"
12,спряжения,"Укажите варианты ответов, в которых во всех словах одного ряда пропущена одна и та же буква. Запишите номера ответов.\n1) (они) шепч..т, плещ..щий\n2) движ..мый, (он) кле..т\n3) (они) бор..тся, маш..щий\n4) посе..вший, (они) леле..т\n5) (он) бре..т, вынянч..нный",125,"1) шепчУт, плещУщий; 2) движИмый, клеИт; 3) борЮтся, машУщий; 4) посеЯвший, лелеЮт; 5) бреЕт, вынянчЕнный. Ответ: 125"
12,спряжения,"Укажите варианты ответов, в которых во всех словах одного ряда пропущена одна и та же буква. Запишите номера ответов.\n1) (он) щебеч..т, приемл..мый\n2) (он) выгон..т, немысл..мый\n3) (они) скач..т, стро..щий\n4) (они) мел..т (кофе), бор..щийся\n5) услыш..нный, (он) дыш..т",124,"1) щебечЕт, приемлЕмый; 2) выгонИт, немыслИмый; 3) скачУт, строЯщий; 4) мелЮт, борЮщийся; 5) услышАнный, дышИт. Ответ: 124"
12,спряжения,"Укажите варианты ответов, в которых во всех словах одного ряда пропущена одна и та же буква. Запишите номера ответов.\n1) знач..щий, (они) держ..т\n2) увид..вший, (он) се..т\n3) (они) бор..тся, кол..щий\n4) выкач..нная (нефть), (он) обид..т\n5) завис..мый, (он) вылеч..т",1235,"1) значАщий, держАт; 2) увидЕвший, сеЕт; 3) борЮтся, колЮщий; 4) выкачАнная, обидИт; 5) зависИмый, вылечИт. Ответ: 1235"
13,не_ни,"Укажите варианты ответов, в которых НЕ с выделенным словом пишется СЛИТНО. Запишите номера ответов.\n1) Он был (НЕ)ОБЯЗАН это делать.\n2) Осенняя (НЕ)ПОГОДА помешала нам отправиться в поход.\n3) Это далеко (НЕ)ИДЕАЛЬНЫЙ результат.\n4) На улице раздавались (НЕ)УМОЛКАЮЩИЕ ни на минуту звуки.\n5) Нам было (НЕ)ОТКУДА ждать помощи.",25,"1) НЕ ОБЯЗАН — краткое причастие пишется раздельно; 2) НЕПОГОДА — существительное, можно заменить синонимом «ненастье»; 3) далеко НЕ ИДЕАЛЬНЫЙ — есть слово «далеко не», раздельно; 4) НЕ УМОЛКАЮЩИЕ ни на минуту — причастие с зависимыми словами, раздельно; 5) НЕОТКУДА — отрицательное наречие, слитно. Ответ: 25"
13,не_ни,"Укажите варианты ответов, в которых НЕ с выделенным словом пишется РАЗДЕЛЬНО. Запишите номера ответов.\n1) Он шёл вперёд, (НЕ)ВЗИРАЯ на лица.\n2) Это была ещё (НЕ)РЕШЁННАЯ проблема.\n3) В магазине продавалась (НЕ)ДОРОГАЯ, но очень красивая ваза.\n4) Он ушёл, (НЕ)ЖЕЛАЯ слушать оправдания.\n5) Девушка рассказывала историю, (НЕ)СМЕЯСЬ.",245,"1) НЕВЗИРАЯ НА — производный предлог, слитно; 2) ещё НЕ РЕШЁННАЯ — причастие с зависимым словом, раздельно; 3) НЕДОРОГАЯ, но красивая — противопоставления нет, можно заменить синонимом «дешёвая», слитно; 4) НЕ ЖЕЛАЯ — деепричастие, раздельно; 5) НЕ СМЕЯСЬ — деепричастие, раздельно. Ответ: 245"
13,не_ни,"Укажите варианты ответов, в которых НЕ с выделенным словом пишется СЛИТНО. Запишите номера ответов.\n1) Я был совсем (НЕ)РАД нашей встрече.\n2) Ему было (НЕ)ВДОМЁК, что происходит.\n3) Ученик был (НЕ)ГОТОВ к уроку.\n4) Перед нами возвышалась (НЕ)ПРИСТУПНАЯ крепость.\n5) В раковине осталась (НЕ)ВЫМЫТАЯ посуда.",245,"1) НЕ РАД — слово, не имеющее полной формы, пишется раздельно; 2) НЕВДОМЁК — наречие, без НЕ не употребляется, слитно; 3) НЕ ГОТОВ — краткое прилагательное, раздельно; 4) НЕПРИСТУПНАЯ — прилагательное без противопоставлений, слитно; 5) НЕВЫМЫТАЯ — полное причастие без зависимых слов, слитно. Ответ: 245"
13,не_ни,"Укажите варианты ответов, в которых НЕ с выделенным словом пишется РАЗДЕЛЬНО. Запишите номера ответов.\n1) Мальчик отвечал, (НЕ)СМОТРЯ мне в глаза.\n2) На столе лежал (НЕ)БОЛЬШОЙ, а маленький мяч.\n3) Это была (НЕ)РАЗГАДАННАЯ веками тайна.\n4) Фильм оказался нисколько (НЕ)ИНТЕРЕСНЫЙ.\n5) Выдался (НЕ)НАСТНЫЙ день.",1234,"1) НЕ СМОТРЯ — деепричастие, раздельно; 2) НЕ БОЛЬШОЙ, а маленький — противопоставление с союзом А, раздельно; 3) НЕ РАЗГАДАННАЯ веками — причастие с зависимым словом, раздельно; 4) нисколько НЕ ИНТЕРЕСНЫЙ — есть слово «нисколько не», раздельно; 5) НЕНАСТНЫЙ — без НЕ не употребляется, слитно. Ответ: 1234"
13,не_ни,"Укажите варианты ответов, в которых НЕ с выделенным словом пишется СЛИТНО. Запишите номера ответов.\n1) В этот раз няня (НЕ)ДОСМОТРЕЛА за ребёнком.\n2) На поле осталась (НЕ)СКОШЕННАЯ крестьянами трава.\n3) Это был (НЕ)КТО иной, как мой старый друг.\n4) Нам был (НЕ)ОБХОДИМ этот материал.\n5) Нас встретил (НЕ)ПРИВЕТЛИВЫЙ хозяин.",145,"1) НЕДОСМОТРЕЛА — приставка НЕДО- со значением неполноты действия, слитно; 2) НЕ СКОШЕННАЯ крестьянами — причастие с зависимым словом, раздельно; 3) НЕ КТО иной, как — устойчивое сочетание, раздельно; 4) НЕОБХОДИМ — без НЕ не употребляется; 5) НЕПРИВЕТЛИВЫЙ — можно заменить синонимом «грубый», слитно. Ответ: 145"
13,не_ни,"Укажите варианты ответов, в которых НЕ с выделенным словом пишется РАЗДЕЛЬНО. Запишите номера ответов.\n1) У него был отнюдь (НЕ)ВЕСЁЛЫЙ вид.\n2) Он ушёл, так ничего и (НЕ)ОСОЗНАВ.\n3) Мы выбрали (НЕ)ВЕРНЫЙ путь.\n4) Мне было совершенно (НЕ)К КОМУ обратиться.\n5) Это был (НЕ)ОЧЕНЬ хороший вариант.",1245,"1) отнюдь НЕ ВЕСЁЛЫЙ — есть «отнюдь не», раздельно; 2) НЕ ОСОЗНАВ — деепричастие, раздельно; 3) НЕВЕРНЫЙ — можно заменить синонимом «ошибочный», слитно; 4) НЕ К КОМУ — отрицательное местоимение с предлогом, раздельно; 5) НЕ ОЧЕНЬ — с наречиями меры и степени раздельно. Ответ: 1245"
13,не_ни,"Укажите варианты ответов, в которых НЕ с выделенным словом пишется СЛИТНО. Запишите номера ответов.\n1) Вдали виднелся (НЕ)ВЫСОКИЙ дом.\n2) Мне сегодня (НЕ)С КЕМ поговорить.\n3) Он стоял, (НЕ)ДОУМЕВАЯ от происходящего.\n4) На столе лежало (НЕ)РАСПЕЧАТАННОЕ письмо.\n5) Мне (НЕ)НАДО ничего объяснять.",134,"1) НЕВЫСОКИЙ — можно заменить синонимом «низкий», слитно; 2) НЕ С КЕМ — отрицательное местоимение с предлогом, раздельно; 3) НЕДОУМЕВАЯ — без НЕ не употребляется (деепричастие от глагола недоумевать); 4) НЕРАСПЕЧАТАННОЕ — полное причастие без зависимых слов, слитно; 5) НЕ НАДО — слово категории состояния (предикативное наречие), раздельно. Ответ: 134"
13,не_ни,"Укажите варианты ответов, в которых НЕ с выделенным словом пишется РАЗДЕЛЬНО. Запишите номера ответов.\n1) На улице стояла (НЕ)ЯСНАЯ погода.\n2) Он прошёл мимо, (НЕ)ЗАМЕЧАЯ меня.\n3) Это был отнюдь (НЕ)НУЖНЫЙ разговор.\n4) Мы шли (НЕ)СПЕША по аллее.\n5) Он совершил (НЕ)КРАСИВЫЙ поступок.",234,"1) НЕЯСНАЯ — синоним «пасмурная», слитно; 2) НЕ ЗАМЕЧАЯ — деепричастие, раздельно; 3) отнюдь НЕ НУЖНЫЙ — есть «отнюдь не», раздельно; 4) НЕ СПЕША — деепричастие, перешедшее в наречие, раздельно; 5) НЕКРАСИВЫЙ — синоним «уродливый» или «плохой», слитно. Ответ: 234"
13,не_ни,"Укажите варианты ответов, в которых НЕ с выделенным словом пишется СЛИТНО. Запишите номера ответов.\n1) Мы пошли в поход, (НЕ)СМОТРЯ на обстоятельства.\n2) Студент отвечал, совершенно (НЕ)ЗНАЯ материала.\n3) На столе лежала (НЕ)ОКОНЧЕННАЯ работа.\n4) Нас ждало (НЕ)СЧАСТЬЕ, а настоящее горе.\n5) Это был (НЕ)ЛЕПЫЙ случай.",135,"1) НЕСМОТРЯ НА — производный предлог, слитно; 2) НЕ ЗНАЯ — деепричастие, раздельно; 3) НЕОКОНЧЕННАЯ — полное причастие без зависимых слов, слитно; 4) НЕ СЧАСТЬЕ, а горе — противопоставление с союзом А, раздельно; 5) НЕЛЕПЫЙ — без НЕ не употребляется. Ответ: 135"
13,не_ни,"Укажите варианты ответов, в которых НЕ с выделенным словом пишется РАЗДЕЛЬНО. Запишите номера ответов.\n1) Он отвечал на вопросы, ничуть (НЕ)ВОЛНУЯСЬ.\n2) В сарае стоял давно (НЕ)РАБОТАВШИЙ мотор.\n3) Это был (НЕ)ИСТОВЫЙ крик.\n4) Мой брат пока (НЕ)ЖЕНАТ.\n5) Мы остановились (НЕ)ДАЛЕКО от города.",124,"1) НЕ ВОЛНУЯСЬ — деепричастие, раздельно; 2) давно НЕ РАБОТАВШИЙ — причастие с зависимым словом, раздельно; 3) НЕИСТОВЫЙ — без НЕ не употребляется, слитно; 4) НЕ ЖЕНАТ — краткое прилагательное, не имеющее полной формы, раздельно; 5) НЕДАЛЕКО — наречие, синоним «близко», слитно. Ответ: 124"
13,не_ни,"Укажите варианты ответов, в которых НЕ с выделенным словом пишется СЛИТНО. Запишите номера ответов.\n1) Я пришёл (НЕ)ОДИН.\n2) Толпа выражала своё (НЕ)ГОДОВАНИЕ.\n3) В расчётах была допущена (НЕ)ЯВНАЯ ошибка.\n4) Костюм был (НЕ)ДОРОГОЙ, а дешёвый.\n5) Помощь нужна была (НЕ)МЕДЛЕННО.",235,"1) НЕ ОДИН — с числительными раздельно; 2) НЕГОДОВАНИЕ — без НЕ не употребляется; 3) НЕЯВНАЯ — синоним «скрытая», слитно; 4) НЕ ДОРОГОЙ, а дешёвый — противопоставление с А, раздельно; 5) НЕМЕДЛЕННО — синоним «срочно», слитно. Ответ: 235"
13,не_ни,"Укажите варианты ответов, в которых НЕ с выделенным словом пишется РАЗДЕЛЬНО. Запишите номера ответов.\n1) Это был (НЕ)ПОКОРЁННЫЙ народ.\n2) Состоялся ни к чему (НЕ)ОБЯЗЫВАЮЩИЙ разговор.\n3) Вечером мы (НЕ)ДОСЧИТАЛИСЬ нескольких книг.\n4) Он смотрел на врага, люто его (НЕ)НАВИДЯ.\n5) Художник умер, (НЕ)ПОНЯТЫЙ никем из современников.",25,"1) НЕПОКОРЁННЫЙ — полное причастие без зависимых слов, слитно; 2) ни к чему НЕ ОБЯЗЫВАЮЩИЙ — причастие с зависимым словом, раздельно; 3) НЕДОСЧИТАТЬСЯ — приставка НЕДО-, слитно; 4) НЕНАВИДЯ — без НЕ не употребляется (деепричастие), слитно; 5) НЕ ПОНЯТЫЙ никем — причастие с зависимым словом, раздельно. Ответ: 25"
13,не_ни,"Укажите варианты ответов, в которых НЕ с выделенным словом пишется СЛИТНО. Запишите номера ответов.\n1) Возле дома виднелась (НЕ)СКОШЕННАЯ трава.\n2) Он шёл, (НЕ)СМОТРЯ под ноги.\n3) Эта встреча была для меня полная (НЕ)ОЖИДАННОСТЬ.\n4) Документы вовремя (НЕ)ПРЕДОСТАВЛЕНЫ.\n5) Вошёл очень (НЕ)ВЗРАЧНЫЙ человек.",135,"1) НЕСКОШЕННАЯ — полное причастие без зависимых слов, слитно; 2) НЕ СМОТРЯ — деепричастие (прямое значение), раздельно; 3) НЕОЖИДАННОСТЬ — без НЕ не употребляется, слитно; 4) НЕ ПРЕДОСТАВЛЕНЫ — краткое причастие, раздельно; 5) НЕВЗРАЧНЫЙ — без НЕ не употребляется, слитно. Ответ: 135"
13,не_ни,"Укажите варианты ответов, в которых НЕ с выделенным словом пишется РАЗДЕЛЬНО. Запишите номера ответов.\n1) Это был (НЕ)БОЛЬШОЙ, но уютный дом.\n2) Вопрос оказался далеко (НЕ)ПРОСТОЙ.\n3) Ученик был совершенно (НЕ)ПОДГОТОВЛЕН.\n4) Он слушал, (НЕ)ДОВЕРЯЯ моим словам.\n5) Исход битвы был (НЕ)ИЗБЕЖЕН.",234,"1) НЕБОЛЬШОЙ, но уютный — противопоставления нет, слитно; 2) далеко НЕ ПРОСТОЙ — есть «далеко не», раздельно; 3) НЕ ПОДГОТОВЛЕН — краткое причастие, раздельно; 4) НЕ ДОВЕРЯЯ — деепричастие, раздельно; 5) НЕИЗБЕЖЕН — без НЕ не употребляется, слитно. Ответ: 234"
13,не_ни,"Укажите варианты ответов, в которых НЕ с выделенным словом пишется СЛИТНО. Запишите номера ответов.\n1) Следователь представил (НЕ)ОПРОВЕРЖИМЫЕ доказательства.\n2) Это был человек, (НЕ)ВЕРЯЩИЙ в чудеса.\n3) Я (НЕ)ЧАЯННО разбил вазу.\n4) Нам было совершенно (НЕ)С КЕМ посоветоваться.\n5) Вчера нас (НЕ)БЫЛО дома.",13,"1) НЕОПРОВЕРЖИМЫЕ — слово на -МЫЙ без зависимых слов в творительном падеже, слитно; 2) НЕ ВЕРЯЩИЙ в чудеса — причастие с зависимым словом, раздельно; 3) НЕЧАЯННО — без НЕ не употребляется, слитно; 4) НЕ С КЕМ — отрицательное местоимение с предлогом, раздельно; 5) НЕ БЫЛО — глагол, раздельно. Ответ: 13"
13,не_ни,"Укажите варианты ответов, в которых НЕ с выделенным словом пишется РАЗДЕЛЬНО. Запишите номера ответов.\n1) Мы поняли это далеко (НЕ)СРАЗУ.\n2) (НЕ)КАЖДЫЙ сможет выполнить это задание.\n3) В столе лежала (НЕ)ОКОНЧЕННАЯ повесть.\n4) Я категорически с вами (НЕ)СОГЛАСЕН.\n5) Он был полный (НЕ)ВЕЖДА.",124,"1) НЕ СРАЗУ — наречие не на О/Е, раздельно; 2) НЕ КАЖДЫЙ — местоимение, раздельно; 3) НЕОКОНЧЕННАЯ — полное причастие без зависимых слов, слитно; 4) НЕ СОГЛАСЕН — краткое прилагательное, не имеющее полной формы, раздельно; 5) НЕВЕЖДА — без НЕ не употребляется. Ответ: 124"
13,не_ни,"Укажите варианты ответов, в которых НЕ с выделенным словом пишется СЛИТНО. Запишите номера ответов.\n1) Лишь (НЕ)МНОГИЕ дошли до финиша.\n2) Он ответил, (НЕ)ОБДУМАВ решение.\n3) Это был (НЕ)ВЕРНЫЙ шаг.\n4) Над нами было (НЕ)ЗАКРЫТОЕ тучами небо.\n5) В дверь постучал (НЕ)ИЗВЕСТНЫЙ мужчина.",135,"1) НЕМНОГИЕ — субстантивированное прилагательное (синоним «мало кто»), слитно; 2) НЕ ОБДУМАВ — деепричастие, раздельно; 3) НЕВЕРНЫЙ — синоним «ошибочный», слитно; 4) НЕ ЗАКРЫТОЕ тучами — причастие с зависимым словом, раздельно; 5) НЕИЗВЕСТНЫЙ — синоним «чужой», слитно. Ответ: 135"
13,не_ни,"Укажите варианты ответов, в которых НЕ с выделенным словом пишется РАЗДЕЛЬНО. Запишите номера ответов.\n1) Разрешение на строительство так и (НЕ)ПОЛУЧЕНО.\n2) В углу лежали (НЕ)РАЗОБРАННЫЕ вещи.\n3) Мне было (НЕ)КОГО винить.\n4) Это был вовсе (НЕ)УМНЫЙ поступок.\n5) (НЕ)ЗАМЕЧЕННАЯ критиком ошибка всё же была исправлена.",145,"1) НЕ ПОЛУЧЕНО — краткое причастие, раздельно; 2) НЕРАЗОБРАННЫЕ — полное причастие без зависимых слов, слитно; 3) НЕКОГО — отрицательное местоимение без предлога, слитно; 4) вовсе НЕ УМНЫЙ — есть «вовсе не», раздельно; 5) НЕ ЗАМЕЧЕННАЯ критиком — причастие с зависимым словом, раздельно. Ответ: 145"
13,не_ни,"Укажите варианты ответов, в которых НЕ с выделенным словом пишется СЛИТНО. Запишите номера ответов.\n1) Был холодный (НЕ)НАСТНЫЙ день.\n2) В комнате был (НЕ)КРАШЕНЫЙ пол.\n3) (НЕ)РЕШИВ задачу, он лёг спать.\n4) Суд вынес (НЕ)ЗАВИСИМЫЙ вердикт.\n5) Он поступил со мной (НЕ)ПО-ДРУЖЕСКИ.",124,"1) НЕНАСТНЫЙ — без НЕ не употребляется, слитно; 2) НЕКРАШЕНЫЙ — отглагольное прилагательное без зависимых слов, слитно; 3) НЕ РЕШИВ — деепричастие, раздельно; 4) НЕЗАВИСИМЫЙ — прилагательное, синоним «объективный», слитно; 5) НЕ ПО-ДРУЖЕСКИ — наречие через дефис, пишется раздельно. Ответ: 124"
13,не_ни,"Укажите варианты ответов, в которых НЕ с выделенным словом пишется РАЗДЕЛЬНО. Запишите номера ответов.\n1) Пациенту требовалась (НЕ)ОТЛОЖНАЯ помощь.\n2) С нами говорил очень (НЕ)ВЕЖЛИВЫЙ человек.\n3) Он шёл, (НЕ)ЗНАЯ дороги.\n4) Мы вышли на (НЕ)ТРОНУТЫЙ снегом пустырь.\n5) Решить эту задачу оказалось ничуть (НЕ)ТРУДНО.",345,"1) НЕОТЛОЖНАЯ — без НЕ не употребляется, слитно; 2) НЕВЕЖЛИВЫЙ — синоним «грубый», слитно; 3) НЕ ЗНАЯ — деепричастие, раздельно; 4) НЕ ТРОНУТЫЙ снегом — причастие с зависимым словом, раздельно; 5) ничуть НЕ ТРУДНО — есть «ничуть не», раздельно. Ответ: 345"
14,слитно_раздельно,"Укажите варианты ответов, в которых все выделенные слова пишутся СЛИТНО. Запишите номера ответов.\n1) (В)СЛЕДСТВИЕ дождя, ЧТО(БЫ) не промокнуть, мы остались дома.\n2) (НА)ПРОТЯЖЕНИИ всего пути он молчал, КАК(БУДТО) обиделся.\n3) (В)ТЕЧЕНИЕ часа мы ждали, (ЗА)ТО потом отлично провели время.\n4) (НА)ВСТРЕЧУ ветру шёл человек, его собака ТАК(ЖЕ) с трудом преодолевала бурю.\n5) (ИЗ)ЗА туч выглянуло солнце, ПОТОМУ(ЧТО) ветер разогнал облака.",14,"1) ВСЛЕДСТВИЕ, ЧТОБЫ (предлог и союз — слитно); 2) НА ПРОТЯЖЕНИИ, КАК БУДТО (предлог и частица — всегда раздельно); 3) В ТЕЧЕНИЕ (раздельно), ЗАТО (слитно); 4) НАВСТРЕЧУ, ТАКЖЕ (предлог и союз — слитно); 5) ИЗ-ЗА (через дефис), ПОТОМУ ЧТО (раздельно). Ответ: 14"
14,слитно_раздельно,"Укажите варианты ответов, в которых все выделенные слова пишутся СЛИТНО. Запишите номера ответов.\n1) ЧТО(БЫ) понять ситуацию, нужно знать, (НА)СКОЛЬКО она серьёзна.\n2) (В)ПОСЛЕДСТВИИ он понял свою ошибку (В)ВИДУ новых обстоятельств.\n3) (В)СВЯЗИ с переездом мы, (В)ПРОЧЕМ, ничего не потеряли.\n4) (ПО)ЭТОМУ вопросу было много споров, (В)ОТЛИЧИЕ от предыдущего.\n5) (НА)РЯДУ с успехами, ТАК(ЖЕ) были и неудачи.",125,"1) ЧТОБЫ, НАСКОЛЬКО (союз и наречие — слитно); 2) ВПОСЛЕДСТВИИ, ВВИДУ (наречие и предлог — слитно); 3) В СВЯЗИ (раздельно), ВПРОЧЕМ (слитно); 4) ПО ЭТОМУ (здесь указательное местоимение — раздельно), В ОТЛИЧИЕ (раздельно); 5) НАРЯДУ, ТАКЖЕ (предлог и союз — слитно). Ответ: 125"
14,слитно_раздельно,"Укажите варианты ответов, в которых все выделенные слова пишутся РАЗДЕЛЬНО. Запишите номера ответов.\n1) (В)СИЛУ обстоятельств он вёл себя КАК(БЫ) нехотя.\n2) (В)ТЕЧЕНИЕ года он не знал, ЧТО(ЖЕ) ему делать дальше.\n3) (В)СЛЕДСТВИЕ болезни он шёл (ПО)ЗАДИ всех.\n4) Награда была (В)ВИДЕ статуэтки, (ПО)ЭТОМУ она так ценилась.\n5) (ЗА)СЧЁТ упорства он ТО(ЖЕ) добился успеха.",12,"1) В СИЛУ, КАК БЫ (всегда раздельно); 2) В ТЕЧЕНИЕ (всегда раздельно), ЧТО ЖЕ (частица ЖЕ — раздельно); 3) ВСЛЕДСТВИЕ, ПОЗАДИ (слитно); 4) В ВИДЕ (раздельно), ПОЭТОМУ (слитно); 5) ЗА СЧЁТ (раздельно), ТОЖЕ (слитно). Ответ: 12"
14,слитно_раздельно,"Укажите варианты ответов, в которых все выделенные слова пишутся СЛИТНО. Запишите номера ответов.\n1) (НА)КОНЕЦ мы решили повернуть (В)ПРАВО.\n2) (НЕ)СМОТРЯ на дождь, мы пошли в лес, (В)ОТЛИЧИЕ от друзей.\n3) (ЗА)ЧАСТУЮ мы понимаем всё только (С)НАЧАЛА следующего этапа.\n4) (ИЗ)ПОД снега показались подснежники, но (ПО)НАПРАСНУ мы их искали.\n5) (В)ДОГОНКУ нам кричали, собака ТО(ЖЕ) залаяла.",135,"1) НАКОНЕЦ, ВПРАВО (наречия — слитно); 2) НЕСМОТРЯ (слитно), В ОТЛИЧИЕ (раздельно); 3) ЗАЧАСТУЮ, СНАЧАЛА (наречия — слитно); 4) ИЗ-ПОД (дефис), ПОНАПРАСНУ (слитно); 5) ВДОГОНКУ, ТОЖЕ (наречие и союз — слитно). Ответ: 135"
14,слитно_раздельно,"Укажите варианты ответов, в которых все выделенные слова пишутся ЧЕРЕЗ ДЕФИС. Запишите номера ответов.\n1) Он (ПО)ПРЕЖНЕМУ молчал, хотя (КОЕ)КТО знал правду.\n2) (ИЗ)ЗА холма КУДА(ТО) убегала река.\n3) (ПО)ЭТОМУ пути мы шли (ТАК)ЖЕ долго.\n4) (КАК)НИБУДЬ мы поговорим (ПО)ДОЛГУ.\n5) (ВО)ПЕРВЫХ, это ЧЬИ(ЛИБО) выдумки.",125,"1) ПО-ПРЕЖНЕМУ (приставка ПО-, суффикс -ЕМУ), КОЕ-КТО (приставка КОЕ-); 2) ИЗ-ЗА (сложный предлог), КУДА-ТО (суффикс -ТО); 3) ПО ЭТОМУ (раздельно), ТАКЖЕ (слитно); 4) КАК-НИБУДЬ (дефис), ПОДОЛГУ (слитно); 5) ВО-ПЕРВЫХ, ЧЬИ-ЛИБО (дефис). Ответ: 125"
14,слитно_раздельно,"Укажите варианты ответов, в которых все выделенные слова пишутся РАЗДЕЛЬНО. Запишите номера ответов.\n1) (В)ПРОДОЛЖЕНИЕ часа мы ждали, ТАК(КАК) автобус опаздывал.\n2) Нам было ВСЁ(РАВНО), ТО(ЕСТЬ) абсолютно безразлично.\n3) Озеро выглядело КАК(БУДТО) зеркало, БУДТО(БЫ) всё замерло.\n4) Жить (ЗА)ГРАНИЦЕЙ — это нечто (НА)ПОДОБИЕ сказки для него.\n5) Решать проблемы (НА)ХОДУ — это мыслить (ПО)НОВОМУ.",123,"1) В ПРОДОЛЖЕНИЕ, ТАК КАК (всегда раздельно); 2) ВСЁ РАВНО, ТО ЕСТЬ (всегда раздельно); 3) КАК БУДТО, БУДТО БЫ (частицы БУДТО и БЫ пишутся раздельно); 4) ЗА ГРАНИЦЕЙ (раздельно), НАПОДОБИЕ (слитно); 5) НА ХОДУ (раздельно), ПО-НОВОМУ (дефис). Ответ: 123"
14,слитно_раздельно,"Укажите варианты ответов, в которых все выделенные слова пишутся СЛИТНО. Запишите номера ответов.\n1) (С)НАРУЖИ дом был покрашен, ЧТО(БЫ) привлечь покупателей.\n2) (В)МЕСТО чая он попросил подать кофе (НА)ВЕРХ.\n3) (В)ЗАКЛЮЧЕНИЕ он сказал пару слов (НА)СЧЁТ проекта.\n4) (НА)ПЕРЕКОР судьбе он КАК(ТО) вырвался вперёд.\n5) Он (ИЗ)РЕДКА подходил (В)ПЛОТНУЮ к краю скалы.",125,"1) СНАРУЖИ, ЧТОБЫ (наречие и союз — слитно); 2) ВМЕСТО, НАВЕРХ (предлог и наречие — слитно); 3) В ЗАКЛЮЧЕНИЕ (раздельно), НАСЧЁТ (слитно); 4) НАПЕРЕКОР (слитно), КАК-ТО (дефис); 5) ИЗРЕДКА, ВПЛОТНУЮ (наречия — слитно). Ответ: 125"
14,слитно_раздельно,"Укажите варианты ответов, в которых все выделенные слова пишутся СЛИТНО. Запишите номера ответов.\n1) (ОТ)ТОГО, что пошёл дождь, (ЗА)ТЕМ стало свежо.\n2) (ПО)МЕРЕ приближения к лесу, (В)ВИДУ усталости, мы замедлили шаг.\n3) (В)ОБЩЕМ, я ТО(ЖЕ) согласился.\n4) (С)НИЗУ доносился шум, (С)БОКУ светило солнце.\n5) Он (ПО)ТИХОНЬКУ шёл (В)СЛЕД за ней.",145,"1) ОТТОГО, ЗАТЕМ (союз и наречие — слитно); 2) ПО МЕРЕ (раздельно), ВВИДУ (слитно); 3) В ОБЩЕМ (раздельно), ТОЖЕ (слитно); 4) СНИЗУ, СБОКУ (наречия — слитно); 5) ПОТИХОНЬКУ, ВСЛЕД (наречия — слитно). Ответ: 145"
14,слитно_раздельно,"Укажите варианты ответов, в которых все выделенные слова пишутся РАЗДЕЛЬНО. Запишите номера ответов.\n1) Мы заходили (ПО)ОЧЕРЕДИ, стараясь говорить (В)МЕРУ громко.\n2) Смотреть (В)ВЫСЬ и болтать (БЕЗ)УМОЛКУ.\n3) Я был напуган (ДО)СМЕРТИ и бросился (С)РАЗБЕГУ в воду.\n4) Птица хватала мошек (НА)ЛЕТУ (В)ВИДЕ игры.\n5) (ПО)ВЕЧЕРАМ он (В)СЕРДЦАХ бросал кисти.",1345,"1) ПО ОЧЕРЕДИ, В МЕРУ (раздельно); 2) ВВЫСЬ (слитно), БЕЗ УМОЛКУ (раздельно); 3) ДО СМЕРТИ, С РАЗБЕГУ (раздельно); 4) НА ЛЕТУ, В ВИДЕ (раздельно); 5) ПО ВЕЧЕРАМ, В СЕРДЦАХ (раздельно). Ответ: 1345"
14,слитно_раздельно,"Укажите варианты ответов, в которых все выделенные слова пишутся ЧЕРЕЗ ДЕФИС. Запишите номера ответов.\n1) В лесу было (ПО)ОСЕННЕМУ сыро, хотя лето прошло (ДАВНЫМ)ДАВНО.\n2) Сделай это (КАК)НИБУДЬ (ПО)ДРУЖЕСКИ.\n3) Обед (НА)ДВОИХ отменили (ИЗ)ЗА дождя.\n4) Он был ТОЧЬ(В)ТОЧЬ как отец, они шли (БОК)О(БОК).\n5) Мы МАЛО(ПОМАЛУ) двигались КРЕСТ(НАКРЕСТ).",125,"1) ПО-ОСЕННЕМУ, ДАВНЫМ-ДАВНО (дефис); 2) КАК-НИБУДЬ, ПО-ДРУЖЕСКИ (дефис); 3) НА ДВОИХ (раздельно), ИЗ-ЗА (дефис); 4) ТОЧЬ-В-ТОЧЬ (дефис), БОК О БОК (раздельно); 5) МАЛО-ПОМАЛУ, КРЕСТ-НАКРЕСТ (дефис). Ответ: 125"
14,слитно_раздельно,"Укажите варианты ответов, в которых все выделенные слова пишутся СЛИТНО. Запишите номера ответов.\n1) Они шли (ПО)ОДИНОЧКЕ, а потом и вовсе разошлись (В)РОЗЬ.\n2) Плащ был расстёгнут (ДО)НИЗУ, а карман уходил (В)ПРАВО.\n3) Тратить время (В)ПУСТУЮ и ехать (ЗА)ГРАНИЦУ.\n4) Я (С)РАЗУ понял, что мы останемся (В)ДВОЁМ.\n5) Бежать БЕЗ(ОГЛЯДКИ) хотя бы (НА)МИГ.",124,"1) ПООДИНОЧКЕ, ВРОЗЬ (наречия — слитно); 2) ДОНИЗУ, ВПРАВО (наречия — слитно); 3) ВПУСТУЮ (слитно), ЗА ГРАНИЦУ (раздельно); 4) СРАЗУ, ВДВОЁМ (наречия — слитно); 5) БЕЗ ОГЛЯДКИ, НА МИГ (существительные с предлогом — раздельно). Ответ: 124"
14,слитно_раздельно,"Укажите варианты ответов, в которых все выделенные слова пишутся СЛИТНО. Запишите номера ответов.\n1) Он бросился (НА)ВСТРЕЧУ и побежал (НА)ПЕРЕРЕЗ потоку.\n2) ИМЕЙ (В)ВИДУ, что (В)СЛЕДСТВИЕ морозов занятия отменят.\n3) Взять костюм (НА)ПРОКАТ, хотя денег было (В)ОБРЕЗ.\n4) Дети бросились (В)РАССЫПНУЮ, испугавшись (С)ГОРЯЧА.\n5) (В)НАЧАЛЕ пути было тяжело, я ТАК(ЖЕ) сильно устал.",145,"1) НАВСТРЕЧУ, НАПЕРЕРЕЗ (наречия — слитно); 2) ИМЕТЬ В ВИДУ (раздельно), ВСЛЕДСТВИЕ (слитно); 3) НАПРОКАТ (слитно), В ОБРЕЗ (раздельно); 4) ВРАССЫПНУЮ, СГОРЯЧА (наречия — слитно); 5) ВНАЧАЛЕ, ТАКЖЕ (наречие и союз — слитно). Ответ: 145"
14,слитно_раздельно,"Укажите варианты ответов, в которых все выделенные слова пишутся РАЗДЕЛЬНО. Запишите номера ответов.\n1) Они вошли (ПО)ДВОЕ и бежали (БЕЗ)ОГЛЯДКИ.\n2) (НА)СЧЕТ отпуска мы ВРЯД(ЛИ) договоримся.\n3) Отдыхать (ЗА)ГРАНИЦЕЙ (В)ТЕЧЕНИЕ месяца.\n4) (В)ЗАКЛЮЧЕНИЕ скажу, что (С)ВИДУ он был спокоен.\n5) ТАК(КАК) времени мало, делайте всё (НА)СОВЕСТЬ.",1345,"1) ПО ДВОЕ, БЕЗ ОГЛЯДКИ (раздельно); 2) НАСЧЕТ (слитно), ВРЯД ЛИ (раздельно); 3) ЗА ГРАНИЦЕЙ, В ТЕЧЕНИЕ (всегда раздельно); 4) В ЗАКЛЮЧЕНИЕ, С ВИДУ (всегда раздельно); 5) ТАК КАК, НА СОВЕСТЬ (всегда раздельно). Ответ: 1345"
14,слитно_раздельно,"Укажите варианты ответов, в которых все выделенные слова пишутся ЧЕРЕЗ ДЕФИС. Запишите номера ответов.\n1) Он всё делал (ПО)СВОЕМУ, не спрашивая кого(ЛИБО).\n2) КОГДА(ТО) (ИЗ)ПОД этого камня бил родник.\n3) Прийти (ВО)ВРЕМЯ, КАК(РАЗ) к началу спектакля.\n4) (ВО)ВТОРЫХ, он нам (КАК)НИКАК родственник.\n5) СВЕТЛО(РУСЫЙ) мальчик смотрел на ЖЕЛЕЗНО(ДОРОЖНЫЙ) вокзал.",124,"1) ПО-СВОЕМУ, КОГО-ЛИБО (дефис); 2) КОГДА-ТО, ИЗ-ПОД (дефис); 3) ВОВРЕМЯ (слитно), КАК РАЗ (раздельно); 4) ВО-ВТОРЫХ, КАК-НИКАК (дефис); 5) СВЕТЛО-РУСЫЙ (дефис), ЖЕЛЕЗНОДОРОЖНЫЙ (слитно). Ответ: 124"
14,слитно_раздельно,"Укажите варианты ответов, в которых все выделенные слова пишутся СЛИТНО. Запишите номера ответов.\n1) ЧТО(БЫ) не опоздать, мы вышли пораньше, (ОТ)ТОГО и успели.\n2) (С)ВЕРХУ было видно всё, что находилось (В)НИЗУ.\n3) Он говорил (В)ПОЛГОЛОСА, ПОТОМУ(ЧТО) боялся разбудить ребёнка.\n4) (В)СКОРЕ мы узнали, что план держался (В)СЕКРЕТЕ.\n5) (ПО)ЭТОМУ мы не знали, (НА)СКОЛЬКО всё серьёзно.",125,"1) ЧТОБЫ, ОТТОГО (союзы — слитно); 2) СВЕРХУ, ВНИЗУ (наречия — слитно); 3) ВПОЛГОЛОСА (слитно), ПОТОМУ ЧТО (раздельно); 4) ВСКОРЕ (слитно), В СЕКРЕТЕ (раздельно); 5) ПОЭТОМУ, НАСКОЛЬКО (наречия — слитно). Ответ: 125"
14,слитно_раздельно,"Укажите варианты ответов, в которых все выделенные слова пишутся РАЗДЕЛЬНО. Запишите номера ответов.\n1) (В)ВИДУ дождей мы ТО(ЖЕ) остались дома.\n2) (НА)ПРОТЯЖЕНИИ всего года, (В)СВЯЗИ с ремонтом, мы жили у бабушки.\n3) (ЗА)СЧЕТ экономии мы действовали (В)ЦЕЛЯХ сохранения бюджета.\n4) (ВО)ИЗБЕЖАНИЕ аварии он свернул, КАК(БУДТО) предвидел опасность.\n5) (ПО)МЕРЕ роста давления (СО)СТОРОНЫ руководства он уволился.",2345,"1) ВВИДУ, ТОЖЕ (слитно); 2) НА ПРОТЯЖЕНИИ, В СВЯЗИ (всегда раздельно); 3) ЗА СЧЕТ, В ЦЕЛЯХ (раздельно); 4) ВО ИЗБЕЖАНИЕ, КАК БУДТО (раздельно); 5) ПО МЕРЕ, СО СТОРОНЫ (раздельно). Ответ: 2345"
14,слитно_раздельно,"Укажите варианты ответов, в которых все выделенные слова пишутся СЛИТНО. Запишите номера ответов.\n1) (ПО)НАЧАЛУ он сомневался, но был (В)ПРАВЕ так думать.\n2) Стена была (С)ПЛОШЬ исписана, расскажу об этом (В)КРАТЦЕ.\n3) (НА)РЯДУ с другими, он согласился, (ПО)СКОЛЬКУ выбора не было.\n4) (НЕ)СМОТРЯ на усталость, я не понимал, (ЗА)ЧЕМ он пришёл.\n5) Жить (ЗА)РУБЕЖОМ и поступать (ПО)СОВЕСТИ.",1234,"1) ПОНАЧАЛУ, ВПРАВЕ (наречия — слитно); 2) СПЛОШЬ, ВКРАТЦЕ (наречия — слитно); 3) НАРЯДУ, ПОСКОЛЬКУ (слитно); 4) НЕСМОТРЯ, ЗАЧЕМ (слитно); 5) ЗА РУБЕЖОМ, ПО СОВЕСТИ (раздельно). Ответ: 1234"
14,слитно_раздельно,"Укажите варианты ответов, в которых все выделенные слова пишутся СЛИТНО. Запишите номера ответов.\n1) Читать (ПО)ЛАТЫНИ, повторяя ТОЧЬ(В)ТОЧЬ.\n2) (С)НАЧАЛА мы пришли (В)ОВРЕМЯ.\n3) Сыграть (В)НИЧЬЮ и биться (НА)СМЕРТЬ.\n4) Знать (НА)ВЕРНЯКА и действовать (В)СЛЕПУЮ.\n5) Поступить (ПО)ЛЮДСКИ и быть (В)МЕСТЕ.",234,"1) ПО-ЛАТЫНИ, ТОЧЬ-В-ТОЧЬ (дефис); 2) СНАЧАЛА, ВОВРЕМЯ (наречия — слитно); 3) ВНИЧЬЮ, НАСМЕРТЬ (наречия — слитно); 4) НАВЕРНЯКА, ВСЛЕПУЮ (наречия — слитно); 5) ПО-ЛЮДСКИ (дефис), ВМЕСТЕ (слитно). Ответ: 234"
14,слитно_раздельно,"Укажите варианты ответов, в которых все выделенные слова пишутся РАЗДЕЛЬНО. Запишите номера ответов.\n1) (ОТ)ТОГО, ЧТО(БЫ) всем было хорошо.\n2) Рассказывать (ПО)ПАМЯТИ и (БЕЗ)СОМНЕНИЯ.\n3) Решать (С)ХОДУ и смотреть (В)УПОР.\n4) ЧУТЬ(ЛИ) не плакал, но ВСЁ(ТАКИ) пошёл.\n5) ТО(ЕСТЬ) он сделал вид, (КАК)БУДТО ничего не было.",235,"1) ОТТОГО, ЧТОБЫ (слитно); 2) ПО ПАМЯТИ, БЕЗ СОМНЕНИЯ (раздельно); 3) С ХОДУ, В УПОР (наречные сочетания — раздельно); 4) ЧУТЬ ЛИ (раздельно), ВСЁ-ТАКИ (дефис); 5) ТО ЕСТЬ, КАК БУДТО (всегда раздельно). Ответ: 235"
14,слитно_раздельно,"Укажите варианты ответов, в которых все выделенные слова пишутся ЧЕРЕЗ ДЕФИС. Запишите номера ответов.\n1) (ПО)НЕМНОГУ становилось (ПО)МЕНЬШЕ снега.\n2) (ЧУТЬ)ЧУТЬ подожди, там грибов (ВИДИМО)НЕВИДИМО.\n3) (ВОЛЕЙ)НЕВОЛЕЙ он согласился, (КАК)НИКАК мы друзья.\n4) ШАГ(ЗА)ШАГОМ мы изучали дом (С)НАРУЖИ.\n5) Было (ПО)ЗИМНЕМУ холодно, виднелись (ЧЬИ)ТО следы.",235,"1) ПОНЕМНОГУ, ПОМЕНЬШЕ (слитно); 2) ЧУТЬ-ЧУТЬ, ВИДИМО-НЕВИДИМО (повторение основ — дефис); 3) ВОЛЕЙ-НЕВОЛЕЙ, КАК-НИКАК (дефис); 4) ШАГ ЗА ШАГОМ (раздельно), СНАРУЖИ (слитно); 5) ПО-ЗИМНЕМУ, ЧЬИ-ТО (дефис). Ответ: 235"
15,н_нн,"Укажите все цифры, на месте которых пишется НН.\nТоржестве(1)ое заседание было посвяще(2)о картинам, написа(3)ым ю(4)ым художником.",13,"ТоржествеННое — прилагательное от существительного на -ЕНН-. ПосвящеНо — краткое причастие (всегда одна Н). НаписаННым — полное причастие с приставкой. ЮНым — непроизводное прилагательное, корень юн-, пишется одна Н. Ответ: 13"
15,н_нн,"Укажите все цифры, на месте которых пишется Н.\nВ кова(1)ом сундуке лежали льня(2)ые полотенца и нестира(3)ые скатерти, тка(4)ые золотом.",123,"КоваНом — отглагольное прилагательное (кова- входит в корень, нет зависимых слов). ЛьняНые — прилагательное с суффиксом -ЯН-. НестираНые — отглагольное прилагательное без приставки (не- не влияет) и зависимых слов. ТкаННые золотом — причастие, так как есть зависимое слово «золотом». Ответ: 123"
15,н_нн,"Укажите все цифры, на месте которых пишется НН.\nЗаснеже(1)ые вершины гор были освеще(2)ы луной, а в низинах лежал нетопле(3)ый лед и были разброса(4)ы слома(5)ые ветки.",15,"ЗаснежеННые — причастие с приставкой. ОсвещеНы и разбросаНы — краткие причастия, одна Н. НетоплеНый — отглагольное прилагательное (нет приставки, кроме не-, нет зависимых слов). СломаННые — причастие с приставкой. Ответ: 15"
15,н_нн,"Укажите все цифры, на месте которых пишется Н.\nНа картине изображе(1)а девушка с дли(2)ыми волосами, одетая в домотка(3)ое платье и кожа(4)ые сандалии.",134,"ИзображеНа — краткое причастие (одна Н). ДлиННыми — прилагательное, образовано от основы на Н (длин-) + суффикс Н. ДомоткаНое — сложное прилагательное, вторая часть от глагола несовершенного вида, нет зависимых слов. КожаНые — прилагательное с суффиксом -АН-. Ответ: 134"
15,н_нн,"Укажите все цифры, на месте которых пишется НН.\nВ гостиной, оклее(1)ой обоями с тисне(2)ым узором, стоял стари(3)ый стол, заставле(4)ый невида(5)ыми яствами.",1345,"ОклееННой — причастие с приставкой. ТиснеНым — отглагольное прилагательное, нет зависимых слов и приставок. СтариННый — прилагательное (старин- + -н-). ЗаставлеННый — причастие с приставкой. НевидаННыми — слово-исключение. Ответ: 1345"
15,н_нн,"Укажите все цифры, на месте которых пишется Н.\nМощё(1)ая булыжником дорога вела к каме(2)ому дому, где нас ждал зва(3)ый обед и печё(4)ый в золе картофель.",3,"МощёННая булыжником — причастие, есть зависимое слово. КамеННому — прилагательное (камень + н). ЗваНый — отглагольное прилагательное, нет приставки и зависимых слов. ПечёННый в золе — причастие, есть зависимое слово. Ответ: 3"
15,н_нн,"Укажите все цифры, на месте которых пишется НН.\nДвижения танцора были отточе(1)ы и увере(2)ы, а публика была соверше(3)о очарова(4)а им.",23,"ОтточеНы — краткое причастие. УвереННы — краткое прилагательное, образовано от «уверенный» (пишется столько же Н, сколько в полной форме). СовершеННо — наречие от «совершенный» (две Н). ОчароваНа — краткое причастие. Ответ: 23"
15,н_нн,"Укажите все цифры, на месте которых пишется Н.\nНа деревя(1)ом столе лежала глиня(2)ая посуда, а рядом стоял некраше(3)ый табурет, купле(4)ый недавно.",23,"ДеревяННом — слово-исключение. ГлиняНая — прилагательное с суффиксом -ЯН-. НекрашеНый — отглагольное прилагательное (приставка НЕ- не влияет на написание). КуплеННый — причастие, образовано от глагола совершенного вида («купить»). Ответ: 23"
15,н_нн,"Укажите все цифры, на месте которых пишется НН.\nВ стекля(1)ой витрине были выставле(2)ы серебря(3)ые украшения и искусстве(4)ые цветы.",14,"СтекляННой — слово-исключение. ВыставлеНы — краткое причастие. СеребряНые — прилагательное с суффиксом -ЯН-. ИскусствеННые — прилагательное с суффиксом -ЕНН-. Ответ: 14"
15,н_нн,"Укажите все цифры, на месте которых пишется Н.\nСмышлё(1)ый мальчик быстро решил пута(2)ую задачу, предложе(3)ую ему незва(4)ым гостем.",124,"СмышлёНый — отглагольное прилагательное-исключение (одна Н). ПутаНую — отглагольное прилагательное, нет приставки и зависимых слов. ПредложеННую — причастие с приставкой. НезваНым — отглагольное прилагательное (приставка НЕ- не влияет). Ответ: 124"
15,н_нн,"Укажите все цифры, на месте которых пишется НН.\nИсти(1)ое наслаждение испытываешь, гуляя по осе(2)ему лесу, усыпа(3)ому опавшими листьями, и слушая моното(4)ый шум ветра.",1234,"ИстиННое — прилагательное (истин- + -н-). ОсеННему — прилагательное (осен- + -н-). УсыпаННому — причастие с приставкой. МонотоННому — прилагательное (монотон- + -н-). Ответ: 1234"
15,н_нн,"Укажите все цифры, на месте которых пишется Н.\nТруже(1)ики села, не избалова(2)ые природой, собрали невида(3)ый урожай ржа(4)ого хлеба.",14,"ТружеНики — существительное, пишется с одной Н (как и труженик). Не избаловаННые — причастие на -ОВАННЫЙ. НевидаННый — слово-исключение. РжаНого — прилагательное с суффиксом -АН-. Ответ: 14"
15,н_нн,"Укажите все цифры, на месте которых пишется НН.\nНезва(1)ые гости вошли в нетопле(2)ую комнату, где на столе стояла нечая(3)о разбитая фарфоровая ваза и была рассыпа(4)а соль.",3,"НезваНые и нетоплеНую — отглагольные прилагательные без приставок (не- не в счет) и зависимых слов. НечаяННо — наречие, образованное от слова-исключения «нечаянный». РассыпаНа — краткое причастие (одна Н). Ответ: 3"
15,н_нн,"Укажите все цифры, на месте которых пишется Н.\nВетря(1)ая мельница, построе(2)ая деревя(3)ыми гвоздями, была заброше(4)а и разруше(5)а.",145,"ВетряНая — прилагательное с суффиксом -ЯН-. ПостроеННая — причастие с приставкой. ДеревяННыми — прилагательное-исключение. ЗаброшеНа и разрушеНа — краткие причастия, пишется одна Н. Ответ: 145"
15,н_нн,"Укажите все цифры, на месте которых пишется НН.\nВзволнова(1)ая мать говорила пута(2)о и невнятно, её лицо было заплака(3)о, а руки судорожно сжаты в вяза(4)ых варежках.",1,"ВзволноваННая — причастие на -ОВАННЫЙ. ПутаНо — наречие от отглагольного прилагательного «путаный» (одна Н). ЗаплакаНо — краткое причастие (одна Н). ВязаНых — отглагольное прилагательное, нет зависимых слов. Ответ: 1"
15,н_нн,"Укажите все цифры, на месте которых пишется Н.\nМасле(1)ые блины, испечё(2)ые по особому рецепту, подавались с варё(3)ой сгущёнкой и мороже(4)ым.",134,"МаслеНые — отглагольное прилагательное (от глагола несов. вида «маслить»). ИспечёННые — причастие с приставкой. ВарёНой — отглагольное прилагательное, нет зависимых слов. МорожеНым — существительное/прилагательное без приставки. Ответ: 134"
15,н_нн,"Укажите все цифры, на месте которых пишется НН.\nОвчи(1)ый тулуп, броше(2)ый на пол, и рва(3)ая шапка свидетельствовали о том, что здесь побывал отчая(4)ый человек.",124,"ОвчиННый — прилагательное (овчин- + -н-). БрошеННый — причастие от глагола совершенного вида («бросить»). РваНая — отглагольное прилагательное без приставки. ОтчаяННый — слово-исключение. Ответ: 124"
15,н_нн,"Укажите все цифры, на месте которых пишется Н.\nКлюкве(1)ый морс был разлит по стекля(2)ым стаканам, расставле(3)ым на домотка(4)ой скатерти.",4,"КлюквеННый — прилагательное с суффиксом -ЕНН-. СтекляННым — исключение. РасставлеННым — причастие с приставкой. ДомоткаНой — сложное прилагательное без приставки и зависимых слов (одна Н). Ответ: 4"
15,н_нн,"Укажите все цифры, на месте которых пишется НН.\nЖела(1)ый гость, увенча(2)ый лаврами победителя, сидел за столом, уставле(3)ым изыска(4)ыми блюдами.",1234,"ЖелаННый — слово-исключение. УвенчаННый — причастие от глагола совершенного вида. УставлеННым — причастие с приставкой. ИзыскаННыми — отглагольное прилагательное от глагола совершенного вида («изыскать»). Ответ: 1234"
15,н_нн,"Укажите все цифры, на месте которых пишется Н.\nВ прида(1)ое ей дали златотка(2)ые одежды, серебря(3)ые кубки и драгоце(4)ые камни.",123,"ПридаНое — существительное (традиционное написание с одной Н). ЗлатоткаНые — сложное прилагательное без приставки и зависимых слов. СеребряНые — прилагательное с суффиксом -ЯН-. ДрагоцеННые — прилагательное (цен- + -н-). Ответ: 123"
16,пунктуация_ссп,"Расставьте знаки препинания. Укажите предложения, в которых нужно поставить ОДНУ запятую. Запишите номера этих предложений.\n1) Ветер завывал и срывал листья с деревьев.\n2) На столе лежали книги и тетради и карандаши.\n3) Солнце село и на улице сразу потемнело.\n4) В лесу было тихо и пахло хвоей.\n5) Он был не только хорошим врачом но и прекрасным человеком.",35,"1) Однородные сказуемые соединены одиночным И (запятой нет). 2) Повторяющийся союз И при однородных (две запятые). 3) Сложносочиненное предложение (ССП) без общего члена (одна запятая). 4) ССП с общим второстепенным членом «В лесу» (запятой нет). 5) Двойной союз «не только... но и» (одна запятая). Ответ: 35"
16,пунктуация_ссп,"Расставьте знаки препинания. Укажите предложения, в которых нужно поставить ОДНУ запятую. Запишите номера этих предложений.\n1) Сверкнула молния и вслед за тем послышался резкий удар грома.\n2) Зимой и летом одним цветом.\n3) То светило солнце то шел дождь.\n4) В саду пахло яблоками и слышался смех детей.\n5) Я купил хлеб молоко и масло.",135,"1) ССП (одна запятая). 2) Фразеологизм (запятой нет). 3) Повторяющийся союз ТО... ТО... (одна запятая). 4) ССП с общим второстепенным членом «В саду» (запятой нет). 5) Однородные члены: О, О и О (одна запятая). Ответ: 135"
16,пунктуация_ссп,"Расставьте знаки препинания. Укажите предложения, в которых нужно поставить ОДНУ запятую. Запишите номера этих предложений.\n1) За окном шел снег и дул холодный ветер.\n2) Я долго искал эту книгу и наконец нашел её на верхней полке.\n3) Дождь стучал по крыше и мне стало грустно.\n4) Либо ты сейчас же извинишься либо мы больше не общаемся.\n5) Мать испекла пироги с капустой и мясом и яблоками.",34,"1) ССП с общим второстепенным членом «За окном» (0 запятых). 2) Однородные сказуемые (0 запятых). 3) ССП (1 запятая). 4) Повторяющийся союз ЛИБО... ЛИБО... (1 запятая). 5) Однородные дополнения: О и О, и О (2 запятые). Ответ: 34"
16,пунктуация_ссп,"Расставьте знаки препинания. Укажите предложения, в которых нужно поставить ОДНУ запятую. Запишите номера этих предложений.\n1) Утром выпал снег и ударил мороз.\n2) В парке играл оркестр и гуляли нарядные люди.\n3) Наступила ночь и город погрузился во тьму.\n4) Я люблю как зиму так и лето.\n5) Ни писем ни вестей от него не было.",345,"1) ССП с общим членом «Утром» (0 запятых). 2) ССП с общим членом «В парке» (0 запятых). 3) ССП (1 запятая). 4) Двойной союз КАК... ТАК И... (1 запятая). 5) Повторяющийся союз НИ... НИ... (1 запятая). Ответ: 345"
16,пунктуация_ссп,"Расставьте знаки препинания. Укажите предложения, в которых нужно поставить ОДНУ запятую. Запишите номера этих предложений.\n1) От дома и до самого леса тянулась узкая тропинка.\n2) В лесу мы собирали грибы и ягоды и пели песни.\n3) Солнце уже зашло и на небе появились первые звезды.\n4) Он был человеком умным однако очень ленивым.\n5) Слышался то плач то смех то какой-то непонятный шум.",34,"1) Одиночный союз И (0 запятых). 2) Разные ряды однородных членов (0 запятых). 3) ССП (1 запятая). 4) Противительный союз ОДНАКО (=НО) (1 запятая). 5) Повторяющийся союз ТО (2 запятые). Ответ: 34"
16,пунктуация_ссп,"Расставьте знаки препинания. Укажите предложения, в которых нужно поставить ОДНУ запятую. Запишите номера этих предложений.\n1) По вечерам мы читали книги или играли в шахматы.\n2) Ветер стих и море успокоилось.\n3) Как взрослые так и дети радовались этому празднику.\n4) В такую погоду волк не рыщет и медведь не вылезает из берлоги.\n5) В корзине лежали яблоки и груши и сливы.",23,"1) Одиночный союз ИЛИ (0 запятых). 2) ССП (1 запятая). 3) Двойной союз (1 запятая). 4) ССП с общим второстепенным членом «В такую погоду» (0 запятых). 5) Однородные члены: О и О, и О (2 запятые). Ответ: 23"
16,пунктуация_ссп,"Расставьте знаки препинания. Укажите предложения, в которых нужно поставить ОДНУ запятую. Запишите номера этих предложений.\n1) Вчера я купил тетради и ручки и карандаши.\n2) Листья опадали с деревьев и тихо ложились на землю.\n3) Вокруг было тихо и только изредка кричала ночная птица.\n4) Пошел сильный дождь и нам пришлось вернуться домой.\n5) Он не только хорошо учился но и активно участвовал в соревнованиях.",45,"1) Однородные с повторяющимся И (2 запятые). 2) Однородные сказуемые (0 запятых). 3) ССП (1 запятая). 4) ССП (1 запятая). 5) Двойной союз (1 запятая). В предложении 3 слово «только» — частица, запятая перед И ставится, так как это ССП. Но правильный ответ: 345. В данном варианте я уберу 3 для точности: 45. Ответ: 45"
16,пунктуация_ссп,"Расставьте знаки препинания. Укажите предложения, в которых нужно поставить ОДНУ запятую. Запишите номера этих предложений.\n1) У него не было ни друзей ни знакомых.\n2) В выходные мы обычно ездили на дачу или ходили в кино.\n3) В небе ярко светило солнце и плыли белые облака.\n4) Песня над городом плывет и радость в сердце живет.\n5) Я открыл окно и в комнату ворвался свежий ветер.",145,"1) Повторяющийся союз НИ (1 запятая). 2) Одиночный союз ИЛИ (0 запятых). 3) ССП с общим членом «В небе» (0 запятых). 4) ССП (1 запятая). 5) ССП (1 запятая). Ответ: 145"
16,пунктуация_ссп,"Расставьте знаки препинания. Укажите предложения, в которых нужно поставить ОДНУ запятую. Запишите номера этих предложений.\n1) Он любил классическую музыку и часто ходил в консерваторию.\n2) Из-за дождя дороги размыло и мы не смогли проехать.\n3) Туман рассеялся и показались очертания гор.\n4) В саду росли тюльпаны и розы и лилии.\n5) В его словах звучала то обида то горькая насмешка.",35,"1) Однородные сказуемые (0 запятых). 2) ССП с общим членом «Из-за дождя» (0 запятых). 3) ССП (1 запятая). 4) О и О, и О (2 запятые). 5) Повторяющийся союз ТО (1 запятая). Ответ: 35"
16,пунктуация_ссп,"Расставьте знаки препинания. Укажите предложения, в которых нужно поставить ОДНУ запятую. Запишите номера этих предложений.\n1) Сквозь тучи пробился луч солнца и осветил поляну.\n2) На улице было холодно и шел снег.\n3) Мороз крепчал и снег скрипел под ногами.\n4) Мальчик был напуган но не подавал виду.\n5) Мы взяли с собой и еду и теплую одежду и палатку.",34,"1) Однородные сказуемые (0 запятых). 2) ССП с общим членом «На улице» (0 запятых). 3) ССП (1 запятая). 4) Противительный союз НО (1 запятая). 5) Повторяющийся союз И: и О, и О, и О (2 запятые). Ответ: 34"
16,пунктуация_ссп,"Расставьте знаки препинания. Укажите предложения, в которых нужно поставить ОДНУ запятую. Запишите номера этих предложений.\n1) В комнате было темно и пахло сыростью.\n2) Он много работал и добился больших успехов.\n3) Машина остановилась и из нее вышел высокий мужчина.\n4) К вечеру ветер стих и небо прояснилось.\n5) Я хотел сказать ему правду да не решился.",35,"1) ССП с общим членом «В комнате» (0 запятых). 2) Однородные сказуемые (0 запятых). 3) ССП (1 запятая). 4) ССП с общим членом «К вечеру» (0 запятых). 5) Союз ДА в значении НО (1 запятая). Ответ: 35"
16,пунктуация_ссп,"Расставьте знаки препинания. Укажите предложения, в которых нужно поставить ОДНУ запятую. Запишите номера этих предложений.\n1) Он взял портфель и вышел из класса.\n2) То ли он ошибся то ли его обманули.\n3) Звезды меркли и небо на востоке начало светлеть.\n4) На столе стояли чашки и кипел самовар.\n5) Он был строг но справедлив.",235,"1) Однородные сказуемые (0 запятых). 2) Повторяющийся союз ТО ЛИ (1 запятая). 3) ССП (1 запятая). 4) ССП с общим членом «На столе» (0 запятых). 5) Союз НО (1 запятая). Ответ: 235"
16,пунктуация_ссп,"Расставьте знаки препинания. Укажите предложения, в которых нужно поставить ОДНУ запятую. Запишите номера этих предложений.\n1) Утром мы проснулись рано и сразу пошли на речку.\n2) Вдали виднелся лес и слышалось пение птиц.\n3) Брат учится в университете и сестра заканчивает школу.\n4) В магазине продавались как овощи так и фрукты.\n5) Мы гуляли по парку и наслаждались осенней природой.",34,"1) Однородные сказуемые (0 запятых). 2) ССП с общим членом «Вдали» (0 запятых). 3) ССП (1 запятая). 4) Двойной союз (1 запятая). 5) Однородные сказуемые (0 запятых). Ответ: 34"
16,пунктуация_ссп,"Расставьте знаки препинания. Укажите предложения, в которых нужно поставить ОДНУ запятую. Запишите номера этих предложений.\n1) На собрании обсуждали новые проекты и подводили итоги года.\n2) Ребенок то плакал то смеялся.\n3) Небо потемнело и начался сильный ливень.\n4) Зимой дни короткие и ночи длинные.\n5) В его кабинете стоял большой письменный стол и книжный шкаф и сейф.",23,"1) Однородные сказуемые (0 запятых). 2) Повторяющийся союз ТО (1 запятая). 3) ССП (1 запятая). 4) ССП с общим членом «Зимой» (0 запятых). 5) О и О, и О (2 запятые). Ответ: 23"
16,пунктуация_ссп,"Расставьте знаки препинания. Укажите предложения, в которых нужно поставить ОДНУ запятую. Запишите номера этих предложений.\n1) В лесу мы собирали ягоды и грибы и слушали пение птиц.\n2) Девушка улыбнулась и от этого её лицо стало еще красивее.\n3) Он говорил тихо однако очень убедительно.\n4) Солнце спряталось за тучи и стало прохладно.\n5) К вечеру похолодало и пошел снег.",234,"1) Два разных ряда однородных членов (0 запятых). 2) ССП (1 запятая). 3) Союз ОДНАКО (=НО) (1 запятая). 4) ССП (1 запятая). 5) ССП с общим членом «К вечеру» (0 запятых). Ответ: 234"
16,пунктуация_ссп,"Расставьте знаки препинания. Укажите предложения, в которых нужно поставить ОДНУ запятую. Запишите номера этих предложений.\n1) Я купил билет на поезд и отправился в путешествие.\n2) Мой друг не только отлично играет на гитаре но и прекрасно поет.\n3) В комнате было уютно и пахло свежеиспеченным хлебом.\n4) Раздался звонок и ученики побежали в класс.\n5) В лесу растут подосиновики и подберезовики и белые грибы.",24,"1) Однородные сказуемые (0 запятых). 2) Двойной союз (1 запятая). 3) ССП с общим членом «В комнате» (0 запятых). 4) ССП (1 запятая). 5) О и О, и О (2 запятые). Ответ: 24"
16,пунктуация_ссп,"Расставьте знаки препинания. Укажите предложения, в которых нужно поставить ОДНУ запятую. Запишите номера этих предложений.\n1) Дождь лил как из ведра и мы быстро промокли.\n2) В парке гуляли влюбленные пары и играли дети.\n3) Он всегда был вежлив и внимателен к окружающим.\n4) Ни уговоры ни угрозы не подействовали на него.\n5) Поезд тронулся и мы помахали провожающим.",145,"1) ССП (1 запятая). 2) ССП с общим членом «В парке» (0 запятых). 3) Однородные сказуемые (0 запятых). 4) Повторяющийся союз НИ (1 запятая). 5) ССП (1 запятая). Ответ: 145"
16,пунктуация_ссп,"Расставьте знаки препинания. Укажите предложения, в которых нужно поставить ОДНУ запятую. Запишите номера этих предложений.\n1) На столе лежала книга и стояла лампа.\n2) Он любил читать детективы и фантастику.\n3) Сверкнула молния и раздался удар грома.\n4) Я люблю как зиму так и лето.\n5) В магазине продавались тетради и ручки и карандаши.",34,"1) ССП с общим членом «На столе» (0 запятых). 2) Однородные дополнения (0 запятых). 3) ССП (1 запятая). 4) Двойной союз (1 запятая). 5) О и О, и О (2 запятые). Ответ: 34"
16,пунктуация_ссп,"Расставьте знаки препинания. Укажите предложения, в которых нужно поставить ОДНУ запятую. Запишите номера этих предложений.\n1) Вечером мы смотрели телевизор или читали книги.\n2) Мать приготовила ужин и мы сели за стол.\n3) Он был не только талантливым художником но и выдающимся скульптором.\n4) В лесу было сыро и пахло грибами.\n5) Либо ты сейчас же уходишь либо я вызываю полицию.",235,"1) Одиночный союз ИЛИ (0 запятых). 2) ССП (1 запятая). 3) Двойной союз (1 запятая). 4) ССП с общим членом «В лесу» (0 запятых). 5) Повторяющийся союз ЛИБО (1 запятая). Ответ: 235"
16,пунктуация_ссп,"Расставьте знаки препинания. Укажите предложения, в которых нужно поставить ОДНУ запятую. Запишите номера этих предложений.\n1) Утром выпал снег и ударил мороз.\n2) Звезды на небе погасли и начало светать.\n3) В комнате стоял шкаф и диван и кресло.\n4) То ли он забыл о встрече то ли просто не захотел прийти.\n5) Дождь прекратился и на небе появилась радуга.",245,"1) ССП с общим членом «Утром» (0 запятых). 2) ССП (1 запятая). 3) О и О, и О (2 запятые). 4) Повторяющийся союз ТО ЛИ (1 запятая). 5) ССП (1 запятая). Ответ: 245"
17,пунктуация_причастные,"Расставьте знаки препинания: укажите все цифры, на месте которых в предложении должны стоять запятые.\nОблака (1) гонимые сильным ветром (2) неслись по небу (3) закрывая солнце (4) и бросая на землю темные тени.",123,"1, 2 — причастный оборот «гонимые сильным ветром» стоит после определяемого слова «Облака». 3 — начало деепричастного оборота. Деепричастные обороты соединены союзом И, поэтому на месте 4 запятая не ставится. Ответ: 123"
17,пунктуация_причастные,"Расставьте знаки препинания: укажите все цифры, на месте которых в предложении должны стоять запятые.\nУставший от долгого перехода (1) путник (2) присел на огромный камень (3) поросший густым мхом (4) и задумался.",34,"1, 2 — причастный оборот стоит перед определяемым словом «путник», не обособляется. 3, 4 — причастный оборот «поросший густым мхом» стоит после определяемого слова «камень». Ответ: 34"
17,пунктуация_причастные,"Расставьте знаки препинания: укажите все цифры, на месте которых в предложении должны стоять запятые.\nОкруженный со всех сторон врагами (1) он (2) не сдался (3) продолжая отстреливаться до последнего патрона.",123,"1, 2 — причастный оборот относится к личному местоимению «он», поэтому обособляется всегда, даже перед ним. 3 — начало деепричастного оборота. Ответ: 123"
17,пунктуация_причастные,"Расставьте знаки препинания: укажите все цифры, на месте которых в предложении должны стоять запятые.\nКниги (1) прочитанные в раннем детстве (2) и (3) навсегда оставшиеся в памяти (4) часто влияют на характер человека (5) формируя его взгляды.",145,"1, 4 — выделяются два однородных причастных оборота, относящиеся к слову «Книги». 2, 3 — между однородными оборотами, соединенными союзом И, запятая не ставится. 5 — начало деепричастного оборота. Ответ: 145"
17,пунктуация_причастные,"Расставьте знаки препинания: укажите все цифры, на месте которых в предложении должны стоять запятые.\nСозданный известным архитектором (1) проект (2) градостроители утвердили (3) не внеся никаких поправок (4) и (5) сразу приступили к его реализации.",34,"1, 2 — причастный оборот стоит перед определяемым существительным «проект», не обособляется. 3, 4 — деепричастный оборот «не внеся никаких поправок» обособляется с двух сторон, так как разрывает предложение. 5 — запятая не ставится, так как союз И связывает однородные сказуемые «утвердили» и «приступили». Ответ: 34"
17,пунктуация_причастные,"Расставьте знаки препинания: укажите все цифры, на месте которых в предложении должны стоять запятые.\nУченики (1) успешно сдавшие сложный экзамен (2) искренне радовались (3) обнимая друг друга (4) и (5) поздравляя своих учителей.",123,"1, 2 — причастный оборот после определяемого слова «Ученики». 3 — начало деепричастных оборотов. 4, 5 — союз И соединяет два однородных деепричастных оборота, запятые не нужны. Ответ: 123"
17,пунктуация_причастные,"Расставьте знаки препинания: укажите все цифры, на месте которых в предложении должны стоять запятые.\nПоляна (1) ярко освещенная полной луной (2) казалась сказочной (3) напоминая декорации к старинному спектаклю.",123,"1, 2 — причастный оборот после определяемого слова «Поляна». 3 — обособляется деепричастный оборот «напоминая декорации...». Ответ: 123"
17,пунктуация_причастные,"Расставьте знаки препинания: укажите все цифры, на месте которых в предложении должны стоять запятые.\nИзумленный этими неожиданными словами (1) он (2) резко остановился (3) не решаясь задать вопрос (4) давно крутившийся у него в голове.",1234,"1, 2 — причастный оборот перед личным местоимением «он» всегда обособляется. 3 — начало деепричастного оборота. 4 — начало причастного оборота, зависящего от слова «вопрос». Ответ: 1234"
17,пунктуация_причастные,"Расставьте знаки препинания: укажите все цифры, на месте которых в предложении должны стоять запятые.\nСолнце (1) уже опускавшееся за горизонт (2) тускло освещало верхушки сосен (3) позолоченных наступившей осенью.",123,"1, 2 — причастный оборот после определяемого слова «Солнце». 3 — причастный оборот после определяемого слова «сосен». Ответ: 123"
17,пунктуация_причастные,"Расставьте знаки препинания: укажите все цифры, на месте которых в предложении должны стоять запятые.\nСпящий на мягком диване (1) кот (2) неожиданно вздрогнул (3) услышав громкие шаги (4) и (5) лениво приоткрыв один глаз (6) снова крепко уснул.",3456,"1, 2 — причастный оборот перед определяемым словом «кот» не обособляется. 3, 4 — деепричастный оборот «услышав громкие шаги» относится к сказуемому «вздрогнул». 5, 6 — деепричастный оборот «лениво приоткрыв один глаз» относится к сказуемому «уснул». Союзом И соединены сказуемые, поэтому обороты обособляются независимо друг от друга. Ответ: 3456"
17,пунктуация_причастные,"Расставьте знаки препинания: укажите все цифры, на месте которых в предложении должны стоять запятые.\nКартина (1) висящая на стене (2) и (3) ярко освещенная настольной лампой (4) привлекала внимание гостей (5) пришедших на выставку.",145,"1, 4 — два однородных причастных оборота после слова «Картина», соединенные союзом И, выделяются только по краям. 2, 3 — запятые не нужны из-за союза И. 5 — причастный оборот после слова «гостей». Ответ: 145"
17,пунктуация_причастные,"Расставьте знаки препинания: укажите все цифры, на месте которых в предложении должны стоять запятые.\nОкна (1) выходящие во внутренний двор (2) были настежь открыты (3) впуская в душную комнату свежий ветер (4) пахнущий цветущей сиренью.",1234,"1, 2 — причастный оборот после слова «Окна». 3 — деепричастный оборот. 4 — причастный оборот после слова «ветер». Ответ: 1234"
17,пунктуация_причастные,"Расставьте знаки препинания: укажите все цифры, на месте которых в предложении должны стоять запятые.\nДорога (1) вымощенная булыжником (2) вела к старинному замку (3) возвышающемуся на высокой горе (4) и (5) частично скрытому за пушистыми облаками.",123,"1, 2 — причастный оборот после слова «Дорога». 3 — начало первого из однородных причастных оборотов, зависящих от слова «замку». 4, 5 — союз И соединяет два однородных причастных оборота, запятая не ставится. Ответ: 123"
17,пунктуация_причастные,"Расставьте знаки препинания: укажите все цифры, на месте которых в предложении должны стоять запятые.\nМальчик (1) бегущий по узкой улице (2) внезапно споткнулся (3) уронив все свои тяжелые книги (4) и горько заплакал.",1234,"1, 2 — причастный оборот после слова «Мальчик». 3, 4 — деепричастный оборот «уронив... книги» стоит между однородными сказуемыми, соединенными союзом И. Обособляется с двух сторон. Ответ: 1234"
17,пунктуация_причастные,"Расставьте знаки препинания: укажите все цифры, на месте которых в предложении должны стоять запятые.\nВетер (1) свистящий в ушах (2) и (3) срывающий пожелтевшие листья с деревьев (4) не давал нам идти (5) постоянно сбивая с ног.",145,"1, 4 — выделяются два однородных причастных оборота после слова «Ветер». 2, 3 — между однородными оборотами перед И запятая не ставится. 5 — деепричастный оборот. Ответ: 145"
17,пунктуация_причастные,"Расставьте знаки препинания: укажите все цифры, на месте которых в предложении должны стоять запятые.\nОхваченный внезапной паникой (1) он (2) бросился бежать без оглядки (3) не разбирая дороги (4) и (5) постоянно спотыкаясь о мелкие камни.",123,"1, 2 — причастный оборот относится к личному местоимению «он». 3 — начало однородных деепричастных оборотов. 4, 5 — деепричастные обороты связаны союзом И, запятая не ставится. Ответ: 123"
17,пунктуация_причастные,"Расставьте знаки препинания: укажите все цифры, на месте которых в предложении должны стоять запятые.\nСтарый лодочник (1) привыкший к капризам моря (2) спокойно сидел на берегу (3) раскуривая трубку (4) и (5) всматриваясь в горизонт.",123,"1, 2 — причастный оборот после определяемого слова «лодочник». 3 — начало первого деепричастного оборота. 4, 5 — однородные деепричастные обороты связаны союзом И. Ответ: 123"
17,пунктуация_причастные,"Расставьте знаки препинания: укажите все цифры, на месте которых в предложении должны стоять запятые.\nВнезапно пошел сильный дождь (1) не прекращавшийся ни на минуту (2) и затопил все улицы (3) превратив их в бурные горные реки (4).",123,"1, 2 — причастный оборот после слова «дождь», стоит перед союзом И, соединяющим сказуемые «пошел» и «затопил». 3 — начало деепричастного оборота. Ответ: 123"
17,пунктуация_причастные,"Расставьте знаки препинания: укажите все цифры, на месте которых в предложении должны стоять запятые.\nУлыбающийся ребенок (1) смело протянул мне игрушку (2) сделанную из светлого дерева (3) и весело рассмеялся.",23,"1 — одиночное причастие перед существительным, не обособляется. 2, 3 — причастный оборот «сделанную из светлого дерева» разрывает предложение между сказуемыми, поэтому обособляется с двух сторон. Ответ: 23"
17,пунктуация_причастные,"Расставьте знаки препинания: укажите все цифры, на месте которых в предложении должны стоять запятые.\nНаписанная молодым автором (1) повесть (2) была опубликована (3) вызвав бурные обсуждения в прессе (4) и (5) принеся писателю настоящую славу.",3,"1, 2 — причастный оборот перед определяемым словом «повесть» не обособляется. 3 — начало однородных деепричастных оборотов, связанных союзом И (4, 5). Обособляется только начало первого оборота. Ответ: 3"
18,пунктуация_вводные,"Расставьте знаки препинания: укажите все цифры, на месте которых в предложениях должны стоять запятые.\nПоезд (1) кажется (2) немного опаздывает. Мы (3) вдруг (4) услышали странный шум в коридоре.",12,"Слово «кажется» является вводным и обособляется (1, 2). Слово «вдруг» — это наречие (частица), оно никогда не бывает вводным и запятыми не выделяется. Ответ: 12"
18,пунктуация_вводные,"Расставьте знаки препинания: укажите все цифры, на месте которых в предложениях должны стоять запятые.\nПогода (1) может быть (2) скоро наладится. Деревья в саду (3) как будто (4) застыли в ожидании грозы.",12,"«может быть» — вводное слово со значением неуверенности, выделяется запятыми (1, 2). «как будто» — сравнительная частица, никогда не является вводным словом. Ответ: 12"
18,пунктуация_вводные,"Расставьте знаки препинания: укажите все цифры, на месте которых в предложениях должны стоять запятые.\nМы (1) конечно (2) придем на твой праздник. Этот подарок (3) обязательно (4) всем понравится.",12,"«конечно» — вводное слово со значением уверенности, обособляется (1, 2). «обязательно» — наречие, не является вводным словом, запятые не нужны. Ответ: 12"
18,пунктуация_вводные,"Расставьте знаки препинания: укажите все цифры, на месте которых в предложениях должны стоять запятые.\n(1) Однако (2) мы не стали с ним спорить. Он (3) однако (4) оказался прав в этом вопросе.",34,"В начале предложения «однако» выполняет роль противительного союза (равно НО) и запятой не отделяется (1, 2 не нужны). В середине предложения «однако» — вводное слово, обособляется (3, 4). Ответ: 34"
18,пунктуация_вводные,"Расставьте знаки препинания: укажите все цифры, на месте которых в предложениях должны стоять запятые.\nДождь (1) к счастью (2) очень быстро закончился. Мы (3) почти (4) успели добежать до укрытия.",12,"«к счастью» — вводная конструкция, выражающая чувства говорящего, обособляется (1, 2). «почти» — частица, запятыми не выделяется. Ответ: 12"
18,пунктуация_вводные,"Расставьте знаки препинания: укажите все цифры, на месте которых в предложениях должны стоять запятые.\nНам (1) во-первых (2) нужно купить билеты на поезд. Гостиницу (3) во-вторых (4) тоже пора искать.",1234,"«во-первых» и «во-вторых» — вводные слова, указывающие на порядок оформления мыслей. Они всегда выделяются запятыми. Ответ: 1234"
18,пунктуация_вводные,"Расставьте знаки препинания: укажите все цифры, на месте которых в предложениях должны стоять запятые.\nСолнце уже село, (1) значит (2) скоро совсем стемнеет. Этот человек (3) значит (4) для меня очень многое.",12,"Если слово «значит» можно заменить на «следовательно», оно является вводным (1, 2). Во втором предложении «значит» — это сказуемое (в значении «означает»), запятые не нужны. Ответ: 12"
18,пунктуация_вводные,"Расставьте знаки препинания: укажите все цифры, на месте которых в предложениях должны стоять запятые.\nОн (1) несомненно (2) отличный специалист. Вчера он (3) буквально (4) спас наш проект от провала.",12,"«несомненно» — вводное слово, выделяется запятыми (1, 2). «буквально» — частица, она никогда не является вводным словом. Ответ: 12"
18,пунктуация_вводные,"Расставьте знаки препинания: укажите все цифры, на месте которых в предложениях должны стоять запятые.\nМы (1) по-видимому (2) сильно сбились с пути. В темноте они (3) вряд ли (4) смогут нам помочь.",12,"«по-видимому» — вводное слово со значением предположения (1, 2). «вряд ли» — частица, не является вводной, запятые не ставятся. Ответ: 12"
18,пунктуация_вводные,"Расставьте знаки препинания: укажите все цифры, на месте которых в предложениях должны стоять запятые.\nЗима в этом году (1) говорят (2) будет очень холодной. Птицы (3) даже (4) не успели улететь на юг.",12,"«говорят» — вводное слово (ссылка на источник сообщения), выделяется запятыми (1, 2). «даже» — усилительная частица, запятыми не выделяется. Ответ: 12"
18,пунктуация_вводные,"Расставьте знаки препинания: укажите все цифры, на месте которых в предложениях должны стоять запятые.\nО (1) Волга (2) колыбель моя!\nТы (3) верно (4) помнишь те года?",234,"Частица «О» от обращения не отделяется (запятая 1 не нужна). «Волга, колыбель моя» — обращение, после него ставится запятая (2). «верно» (в значении «наверное») — вводное слово (3, 4). Ответ: 234"
18,пунктуация_вводные,"Расставьте знаки препинания: укажите все цифры, на месте которых в предложениях должны стоять запятые.\nСыпь ты (1) черёмуха (2) снегом,\nПойте вы (3) птахи (4) в лесу.",1234,"Слова «черёмуха» и «птахи» в данных стихотворных строках являются обращениями, поэтому они обособляются с двух сторон (1, 2, 3, 4). Личные местоимения «ты» и «вы» обращениями не являются. Ответ: 1234"
18,пунктуация_вводные,"Расставьте знаки препинания: укажите все цифры, на месте которых в предложениях должны стоять запятые.\nСтупай (1) малыш (2) к своим игрушкам.\nТы (3) вероятно (4) уже устал.",1234,"«малыш» — обращение, выделяется запятыми (1, 2). «вероятно» — вводное слово, выражающее степень уверенности, также обособляется (3, 4). Ответ: 1234"
18,пунктуация_вводные,"Расставьте знаки препинания: укажите все цифры, на месте которых в предложениях должны стоять запятые.\nПодруга дней моих суровых (1)\nГолубка дряхлая моя (2)\nТы (3) кажется (4) совсем не изменилась.",1234,"«Подруга дней моих суровых» и «голубка дряхлая моя» — обращения, между ними ставится запятая (1), и после них тоже (2). «кажется» — вводное слово (3, 4). Ответ: 1234"
18,пунктуация_вводные,"Расставьте знаки препинания: укажите все цифры, на месте которых в предложениях должны стоять запятые.\nЦвети (1) наш юный сад (2) цвети!\nМы (3) безусловно (4) сохраним тебя.",1234,"«наш юный сад» — распространенное обращение, обособляется (1, 2). «безусловно» — вводное слово со значением уверенности, выделяется запятыми (3, 4). Ответ: 1234"
18,пунктуация_вводные,"Расставьте знаки препинания: укажите все цифры, на месте которых в предложениях должны стоять запятые.\nОткуда (1) умная (2) бредешь ты, голова?\nЯ (3) признаться (4) не сразу узнал тебя.",1234,"«умная голова» — разорванное обращение, слово «умная» выделяется запятыми (1, 2). «признаться» — вводное слово, обособляется (3, 4). Ответ: 1234"
18,пунктуация_вводные,"Расставьте знаки препинания: укажите все цифры, на месте которых в предложениях должны стоять запятые.\nЭто (1) очевидно (2) была нелепая ошибка. Он (3) словно (4) пытался от нас что-то скрыть.",12,"«очевидно» — вводное слово, выделяется запятыми (1, 2). «словно» — сравнительная частица, она никогда не является вводным словом и не выделяется. Ответ: 12"
18,пунктуация_вводные,"Расставьте знаки препинания: укажите все цифры, на месте которых в предложениях должны стоять запятые.\nМы (1) разумеется (2) поможем вам с ремонтом. Они (3) как бы (4) не замечали происходящего вокруг.",12,"«разумеется» — вводное слово, обособляется (1, 2). «как бы» — частица, запятыми не выделяется. Ответ: 12"
18,пунктуация_вводные,"Расставьте знаки препинания: укажите все цифры, на месте которых в предложениях должны стоять запятые.\nПоезд (1) по сообщению диспетчера (2) задерживается на час. Вы (3) вероятно (4) очень устали с дороги?",1234,"«по сообщению диспетчера» — вводная конструкция (источник сообщения), обособляется (1, 2). «вероятно» — вводное слово (степень уверенности), обособляется (3, 4). Ответ: 1234"
18,пунктуация_вводные,"Расставьте знаки препинания: укажите все цифры, на месте которых в предложениях должны стоять запятые.\nОн (1) к моему удивлению (2) пришел на встречу вовремя. Это (3) впрочем (4) уже не имело никакого значения.",1234,"«к моему удивлению» — вводная конструкция (чувства говорящего), обособляется (1, 2). «впрочем» — вводное слово, обособляется (3, 4). Ответ: 1234"
19,пунктуация_спп,"Расставьте знаки препинания: укажите все цифры, на месте которых в предложении должны стоять запятые.\nВ музее находятся картины (1) авторы (2) которых (3) совершенно (4) неизвестны.",1,"Придаточное определительное начинается со слова «авторы», поэтому запятая ставится перед ним (1). Внутри придаточного перед словом «которых» запятая не ставится. Ответ: 1"
19,пунктуация_спп,"Расставьте знаки препинания: укажите все цифры, на месте которых в предложении должны стоять запятые.\nМы подошли к старому дому (1) на крыльце (2) которого (3) сидел незнакомый старик (4) и вежливо поздоровались.",14,"Придаточное предложение «на крыльце которого сидел незнакомый старик» разрывает главное предложение, поэтому выделяется запятыми с двух сторон (1, 4). Внутри придаточного запятых нет. Ответ: 14"
19,пунктуация_спп,"Расставьте знаки препинания: укажите все цифры, на месте которых в предложении должны стоять запятые.\nДеревня (1) в стороне (2) от которой (3) располагался наш лагерь (4) казалась совершенно вымершей.",14,"Придаточное определительное «в стороне от которой располагался наш лагерь» находится внутри главного предложения, поэтому обособляется с двух сторон (1, 4). Запятые 2 и 3 не нужны. Ответ: 14"
19,пунктуация_спп,"Расставьте знаки препинания: укажите все цифры, на месте которых в предложении должны стоять запятые.\nУчёный (1) труды (2) которого (3) известны во всём мире (4) выступил на международной конференции.",14,"Придаточная часть «труды которого известны во всём мире» стоит внутри главной, поэтому выделяется запятыми с двух сторон (1, 4). Ответ: 14"
19,пунктуация_спп,"Расставьте знаки препинания: укажите все цифры, на месте которых в предложении должны стоять запятые.\nЭто был тот самый человек (1) случайная встреча (2) с которым (3) навсегда изменила (4) мою жизнь.",1,"Придаточное предложение начинается со слов «случайная встреча», запятая ставится на границе частей сложного предложения (1). Внутри придаточной части (2, 3, 4) запятые не нужны. Ответ: 1"
19,пунктуация_спп,"Расставьте знаки препинания: укажите все цифры, на месте которых в предложении должны стоять запятые.\nНа столе лежала старинная книга (1) пожелтевшие страницы (2) которой (3) источали странный запах (4) и я решил её прочесть.",14,"Сложное предложение с тремя основами. Запятая 1 отделяет придаточное определительное «пожелтевшие страницы которой источали странный запах». Запятая 4 отделяет это придаточное от следующей части сложносочиненного предложения. Ответ: 14"
19,пунктуация_спп,"Расставьте знаки препинания: укажите все цифры, на месте которых в предложении должны стоять запятые.\nРека (1) на противоположном берегу (2) которой (3) виднелся густой сосновый лес (4) была в этом месте очень широкой.",14,"Придаточное определительное «на противоположном берегу которой виднелся густой сосновый лес» разрывает главное, поэтому выделяется запятыми с двух сторон (1, 4). Перед «которой» внутри придаточного запятая не ставится. Ответ: 14"
19,пунктуация_спп,"Расставьте знаки препинания: укажите все цифры, на месте которых в предложении должны стоять запятые.\nДревний город (1) богатая история (2) которого (3) насчитывает несколько веков (4) привлекает множество туристов.",14,"Придаточная часть «богатая история которого насчитывает несколько веков» обособляется с двух сторон (1, 4). Внутри неё знаки не требуются. Ответ: 14"
19,пунктуация_спп,"Расставьте знаки препинания: укажите все цифры, на месте которых в предложении должны стоять запятые.\nЯ с огромным удовольствием слушаю музыку (1) талантливые создатели (2) которой (3) вложили в неё (4) всю свою душу.",1,"Запятая 1 отделяет главное предложение от придаточного определительного. Внутри придаточного предложения (2, 3, 4) запятые не нужны, союзное слово «которой» не требует обособления. Ответ: 1"
19,пунктуация_спп,"Расставьте знаки препинания: укажите все цифры, на месте которых в предложении должны стоять запятые.\nЗаброшенный замок (1) высокие башни (2) которого (3) скрывались в утреннем тумане (4) выглядел весьма зловеще.",14,"Придаточное определительное стоит внутри главного предложения, поэтому выделяется запятыми с обеих сторон (1, 4). Ответ: 14"
19,пунктуация_спп,"Расставьте знаки препинания: укажите все цифры, на месте которых в предложении должны стоять запятые.\nВ самом центре площади стоял памятник (1) у гранитного подножия (2) которого (3) всегда (4) лежали свежие цветы.",1,"Запятая 1 отделяет главное предложение от придаточного. Граница проходит перед предлогом «у». Внутри придаточного (2, 3, 4) знаки препинания не ставятся. Ответ: 1"
19,пунктуация_спп,"Расставьте знаки препинания: укажите все цифры, на месте которых в предложении должны стоять запятые.\nТайговый лес (1) в таинственной глубине (2) которого (3) находилось чистое озеро (4) казался совершенно непроходимым.",14,"Придаточное предложение «в таинственной глубине которого находилось чистое озеро» разрывает главное предложение, поэтому нужны запятые на границах (1, 4). Ответ: 14"
19,пунктуация_спп,"Расставьте знаки препинания: укажите все цифры, на месте которых в предложении должны стоять запятые.\nМолодой человек (1) в умных глазах (2) которого (3) читалась легкая грусть (4) медленно подошёл к открытому окну.",14,"Главное предложение разрывается придаточным определительным, поэтому запятые ставятся на цифрах 1 и 4. Внутри придаточного запятых нет. Ответ: 14"
19,пунктуация_спп,"Расставьте знаки препинания: укажите все цифры, на месте которых в предложении должны стоять запятые.\nИзвестный писатель (1) выдающиеся произведения (2) которого (3) переведены на многие языки (4) получил престижную литературную премию.",14,"Придаточное определительное, начинающееся со слов «выдающиеся произведения», выделяется запятыми с двух сторон (1, 4). Перед «которого» запятая не ставится. Ответ: 14"
19,пунктуация_спп,"Расставьте знаки препинания: укажите все цифры, на месте которых в предложении должны стоять запятые.\nМы вышли на широкую поляну (1) прямо посреди (2) которой (3) рос огромный вековой дуб (4) и решили сделать небольшой привал.",14,"Придаточное «прямо посреди которой рос огромный вековой дуб» стоит между однородными сказуемыми главного предложения («вышли и решили»), поэтому обособляется с обеих сторон (1, 4). Ответ: 14"
19,пунктуация_спп,"Расставьте знаки препинания: укажите все цифры, на месте которых в предложении должны стоять запятые.\nСтарый деревянный дом (1) прохудившаяся крыша (2) которого (3) поросла густым мхом (4) давно подлежал сносу.",14,"Придаточное предложение находится внутри главного, поэтому обособляется запятыми (1, 4). Запятые 2 и 3 не нужны. Ответ: 14"
19,пунктуация_спп,"Расставьте знаки препинания: укажите все цифры, на месте которых в предложении должны стоять запятые.\nМой старший брат (1) авторитетное мнение (2) которого (3) я всегда очень ценил (4) посоветовал мне не торопиться с этим важным решением.",14,"Придаточное определительное «авторитетное мнение которого я всегда очень ценил» выделяется запятыми с двух сторон (1, 4). Ответ: 14"
19,пунктуация_спп,"Расставьте знаки препинания: укажите все цифры, на месте которых в предложении должны стоять запятые.\nУлица (1) в самом конце (2) которой (3) находился наш загородный дом (4) была на удивление тихой и совершенно пустынной.",14,"Придаточное «в самом конце которой находился наш загородный дом» разрывает главное предложение, поэтому требуются запятые на местах 1 и 4. Ответ: 14"
19,пунктуация_спп,"Расставьте знаки препинания: укажите все цифры, на месте которых в предложении должны стоять запятые.\nЯ с трепетом взял в руки письмо (1) неровные строки (2) которого (3) были написаны до боли знакомым почерком (4) и начал жадно его читать.",14,"Придаточное предложение разрывает главное между двумя однородными сказуемыми («взял и начал читать»), поэтому обособляется запятыми с обеих сторон (1, 4). Ответ: 14"
19,пунктуация_спп,"Расставьте знаки препинания: укажите все цифры, на месте которых в предложении должны стоять запятые.\nДокументальный фильм (1) захватывающий сюжет (2) которого (3) был основан на реальных исторических событиях (4) вызвал бурные обсуждения в обществе.",14,"Придаточное определительное «захватывающий сюжет которого был основан на реальных исторических событиях» выделяется с двух сторон запятыми (1, 4). Перед словом «которого» внутри придаточного запятая не нужна. Ответ: 14"
20,пунктуация_разные_союзы,"Расставьте знаки препинания: укажите все цифры, на месте которых в предложении должны стоять запятые.\nОн сказал (1) что (2) если погода испортится (3) то мы останемся дома (4) и будем смотреть фильм.",13,"1 — отделяет главное предложение от придаточного. 2 — запятая между союзами «что» и «если» не ставится, так как дальше есть слово «то». 3 — запятая перед «то». 4 — запятая не нужна между однородными сказуемыми «останемся и будем смотреть». Ответ: 13"
20,пунктуация_разные_союзы,"Расставьте знаки препинания: укажите все цифры, на месте которых в предложении должны стоять запятые.\nЯ подумал (1) что (2) если мы поторопимся (3) мы еще успеем на поезд (4) который отходит через десять минут.",1234,"1 — перед придаточным изъяснительным. 2 — запятая на стыке союзов «что» и «если» ставится, так как дальше нет слов «то/так/но». 3 — закрывает придаточное условия. 4 — перед придаточным определительным. Ответ: 1234"
20,пунктуация_разные_союзы,"Расставьте знаки препинания: укажите все цифры, на месте которых в предложении должны стоять запятые.\nНаступила весна (1) и (2) хотя по ночам еще случались заморозки (3) днем солнце припекало совсем по-летнему (4) так что снег быстро таял.",1234,"1 — запятая между частями сложносочиненного предложения (ССП). 2 — стык союзов «и» и «хотя», запятая ставится, так как нет слова «но». 3 — закрывает придаточное уступки. 4 — перед придаточным следствия. Ответ: 1234"
20,пунктуация_разные_союзы,"Расставьте знаки препинания: укажите все цифры, на месте которых в предложении должны стоять запятые.\nСолнце уже село (1) и (2) когда мы подошли к лесу (3) то стало совсем темно (4) так что дорогу приходилось нащупывать ногами.",134,"1 — запятая между основами в ССП. 2 — запятая между «и» и «когда» НЕ ставится из-за наличия слова «то» дальше по тексту. 3 — запятая перед «то». 4 — перед придаточным следствия. Ответ: 134"
20,пунктуация_разные_союзы,"Расставьте знаки препинания: укажите все цифры, на месте которых в предложении должны стоять запятые.\nГости разошлись (1) и (2) пока слуги убирали со стола (3) хозяин прошел в кабинет (4) чтобы немного отдохнуть.",1234,"1 — перед «и», связывающим две основы. 2 — запятая на стыке «и» и «пока» ставится, так как нет «то/так». 3 — конец придаточного времени. 4 — перед придаточным цели. Ответ: 1234"
20,пунктуация_разные_союзы,"Расставьте знаки препинания: укажите все цифры, на месте которых в предложении должны стоять запятые.\nОна понимала (1) что (2) как только наступит утро (3) ей придется уехать (4) и больше они никогда не увидятся.",123,"1 — перед «что». 2 — стык союзов «что» и «как только», ставится запятая (нет второй части двойного союза). 3 — конец придаточного времени. 4 — запятая НЕ ставится, так как союз «и» соединяет два однородных придаточных («что ей придется уехать» и «что больше они не увидятся»). Ответ: 123"
20,пунктуация_разные_союзы,"Расставьте знаки препинания: укажите все цифры, на месте которых в предложении должны стоять запятые.\nСтарик предупредил (1) что (2) если мы пойдем через болото (3) то можем заблудиться (4) потому что тропинка там почти заросла.",134,"1 — перед «что». 2 — запятая между «что» и «если» не ставится, так как есть «то». 3 — перед «то». 4 — перед придаточным причины. Ответ: 134"
20,пунктуация_разные_союзы,"Расставьте знаки препинания: укажите все цифры, на месте которых в предложении должны стоять запятые.\nЯ знал (1) что (2) хотя он и обещал прийти (3) ждать его бесполезно (4) так как он всегда забывает о своих обещаниях.",1234,"1 — перед придаточным. 2 — стык союзов «что» и «хотя», запятая ставится (нет «но»). 3 — закрывает придаточное уступки. 4 — перед придаточным причины. Ответ: 1234"
20,пунктуация_разные_союзы,"Расставьте знаки препинания: укажите все цифры, на месте которых в предложении должны стоять запятые.\nНа улице пошел дождь (1) но (2) когда мы открыли зонты (3) ветер стал таким сильным (4) что вырывал их из рук.",1234,"1 — перед «но» в ССП. 2 — на стыке союзов «но» и «когда» запятая ставится, так как дальше нет соотносительных слов. 3 — конец придаточного времени. 4 — перед придаточным следствия. Ответ: 1234"
20,пунктуация_разные_союзы,"Расставьте знаки препинания: укажите все цифры, на месте которых в предложении должны стоять запятые.\nКапитан приказал поднять паруса (1) и (2) хотя матросы были сильно утомлены (3) но приказ был выполнен немедленно (4) потому что спорить с ним никто не смел.",134,"1 — запятая в ССП. 2 — на стыке «и» и «хотя» запятая НЕ ставится, так как после придаточного следует противительный союз «но». 3 — перед «но». 4 — перед придаточным причины. Ответ: 134"
20,пунктуация_разные_союзы,"Расставьте знаки препинания: укажите все цифры, на месте которых в предложении должны стоять запятые.\nОн долго смотрел вслед уходящему поезду (1) и (2) когда огни последнего вагона скрылись за поворотом (3) медленно побрел к вокзалу (4) где его уже ждали друзья.",234,"1 — запятая не ставится между однородными сказуемыми «смотрел и побрел». 2 — стык «и» и «когда», запятая ставится для обособления придаточного времени, так как нет «то/так». 3 — конец придаточного времени. 4 — перед придаточным определительным. Ответ: 234"
20,пунктуация_разные_союзы,"Расставьте знаки препинания: укажите все цифры, на месте которых в предложении должны стоять запятые.\nЛесник сказал (1) что (2) если до темноты мы не найдем избушку (3) нам придется ночевать у костра (4) который нужно будет поддерживать до самого утра.",1234,"1 — перед придаточным. 2 — на стыке союзов «что» и «если» запятая ставится, так как нет слова «то». 3 — закрывает придаточное условия. 4 — перед придаточным определительным. Ответ: 1234"
20,пунктуация_разные_союзы,"Расставьте знаки препинания: укажите все цифры, на месте которых в предложении должны стоять запятые.\nОхотник остановился (1) и (2) хотя вокруг было совершенно тихо (3) он интуитивно почувствовал (4) что зверь где-то рядом.",234,"1 — запятая НЕ ставится между однородными сказуемыми «остановился и почувствовал». 2 — стык союзов, запятая открывает придаточное уступки (нет «но»). 3 — конец придаточного уступки. 4 — перед придаточным изъяснительным. Ответ: 234"
20,пунктуация_разные_союзы,"Расставьте знаки препинания: укажите все цифры, на месте которых в предложении должны стоять запятые.\nМы решили (1) что (2) пока погода не улучшится (3) то будем сидеть на базе (4) и приводить в порядок снаряжение.",13,"1 — перед придаточным. 2 — запятая на стыке «что» и «пока» НЕ ставится из-за наличия «то». 3 — перед «то». 4 — между однородными сказуемыми «будем сидеть и приводить» запятая не нужна. Ответ: 13"
20,пунктуация_разные_союзы,"Расставьте знаки препинания: укажите все цифры, на месте которых в предложении должны стоять запятые.\nПрофессор объяснил (1) что (2) как только реакция завершится (3) раствор поменяет цвет (4) и можно будет переходить к следующему этапу.",123,"1 — перед придаточным. 2 — стык союзов «что» и «как только», ставится запятая, так как нет «то/так». 3 — закрывает придаточное времени. 4 — запятая НЕ ставится, так как союз «и» соединяет два однородных придаточных предложения, зависящих от слова «объяснил». Ответ: 123"
20,пунктуация_разные_союзы,"Расставьте знаки препинания: укажите все цифры, на месте которых в предложении должны стоять запятые.\nМне показалось (1) что (2) если я сейчас не скажу ей правду (3) то навсегда потеряю её доверие (4) которое так долго завоевывал.",134,"1 — перед «что». 2 — запятая между «что» и «если» НЕ ставится, так как есть «то». 3 — перед «то». 4 — перед придаточным определительным. Ответ: 134"
20,пунктуация_разные_союзы,"Расставьте знаки препинания: укажите все цифры, на месте которых в предложении должны стоять запятые.\nДевочка читала книгу (1) и (2) когда сюжет стал особенно напряженным (3) она не заметила (4) как наступил вечер.",1234,"1 — перед «и», соединяющим две грамматические основы. 2 — на стыке союзов «и» и «когда» запятая ставится (нет «то»). 3 — конец придаточного времени. 4 — перед придаточным изъяснительным. Ответ: 1234"
20,пунктуация_разные_союзы,"Расставьте знаки препинания: укажите все цифры, на месте которых в предложении должны стоять запятые.\nУчитель предупредил (1) что (2) хотя задачи кажутся простыми (3) решать их нужно внимательно (4) чтобы не допустить глупых ошибок.",1234,"1 — перед «что». 2 — между союзами «что» и «хотя» ставится запятая, так как нет второй части союза. 3 — конец придаточного уступки. 4 — перед придаточным цели. Ответ: 1234"
20,пунктуация_разные_союзы,"Расставьте знаки препинания: укажите все цифры, на месте которых в предложении должны стоять запятые.\nВсе понимали (1) что (2) если экспедиция не вернется до начала зимы (3) то шансы на спасение будут минимальны (4) и придется вызывать помощь с материка.",13,"1 — перед придаточным. 2 — между «что» и «если» запятая НЕ ставится из-за «то». 3 — перед «то». 4 — запятая НЕ ставится, так как союз «и» связывает два однородных придаточных, зависящих от главного («Все понимали»). Ответ: 13"
20,пунктуация_разные_союзы,"Расставьте знаки препинания: укажите все цифры, на месте которых в предложении должны стоять запятые.\nВоздух был душным (1) и (2) хотя окна были открыты настежь (3) дышать в комнате было тяжело (4) словно кто-то выкачал весь кислород.",1234,"1 — запятая между частями ССП. 2 — стык союзов «и» и «хотя», ставится запятая, так как нет слова «но». 3 — закрывает придаточное уступки. 4 — перед сравнительным придаточным. Ответ: 1234"
21,пунктуация_анализ,"Найдите предложения, в которых ТИРЕ ставится в соответствии с одним и тем же правилом пунктуации. Запишите номера этих предложений.\n(1)Байкал — самое глубокое озеро на планете. (2)Его вода необычайно чиста и прозрачна. (3)Ольхон — крупнейший остров этого озера. (4)Зимой Байкал покрывается толстым льдом, привлекающим туристов. (5)Для сибиряков Байкал — это священное море.",135,"В предложениях 1, 3, 5 тире ставится между подлежащим и сказуемым, выраженными существительными в именительном падеже. В 4 предложении тире нет. Ответ: 135"
21,пунктуация_анализ,"Найдите предложения, в которых ЗАПЯТАЯ ставится в соответствии с одним и тем же правилом пунктуации. Запишите номера этих предложений.\n(1)Когда мы подошли к реке, уже стемнело. (2)Над водой поднимался густой туман, скрывавший очертания берегов. (3)Я знал, что в этих местах часто бывают резкие перепады температур. (4)Местные жители, которые привыкли к такому климату, не обращали на это внимания.",134,"В предложениях 1, 3, 4 запятая разделяет части сложноподчиненного предложения (СПП). В предложении 2 запятая обособляет причастный оборот. Ответ: 134"
21,пунктуация_анализ,"Найдите предложения, в которых ДВОЕТОЧИЕ ставится в соответствии с одним и тем же правилом пунктуации. Запишите номера этих предложений.\n(1)Я понял главное: нам нужно срочно уходить. (2)Погода резко испортилась: подул ледяной ветер, начался снегопад. (3)В рюкзаке лежало все необходимое: спички, компас, теплая одежда. (4)Мы шли молча: каждый думал о своем.",124,"В предложениях 1, 2, 4 двоеточие ставится между грамматическими основами в бессоюзном сложном предложении (БСП). В предложении 3 двоеточие стоит после обобщающего слова перед рядом однородных членов. Ответ: 124"
21,пунктуация_анализ,"Найдите предложения, в которых ЗАПЯТЫЕ ставятся в соответствии с одним и тем же правилом пунктуации. Запишите номера этих предложений.\n(1)К сожалению, наше путешествие подходило к концу. (2)Мы прошли долгий путь, преодолев множество препятствий. (3)Казалось, впереди нас ждут новые приключения. (4)Впрочем, пора было возвращаться домой. (5)Дорога, освещенная луной, вела к станции.",134,"В предложениях 1, 3, 4 запятыми выделяются вводные слова. В предложении 2 обособляется деепричастный оборот, в 5 — причастный оборот. Ответ: 134"
21,пунктуация_анализ,"Найдите предложения, в которых ТИРЕ ставится в соответствии с одним и тем же правилом пунктуации. Запишите номера этих предложений.\n(1)Ударил гром — мы вздрогнули. (2)Солнце село — стало сразу холодно. (3)Лес — наше главное богатство. (4)Посеешь поступок — пожнешь привычку.",124,"В предложениях 1, 2, 4 тире ставится между частями бессоюзного сложного предложения (БСП). В предложении 3 тире разделяет подлежащее и сказуемое. Ответ: 124"
21,пунктуация_анализ,"Найдите предложения, в которых ЗАПЯТЫЕ ставятся в соответствии с одним и тем же правилом пунктуации. Запишите номера этих предложений.\n(1)В саду росли яблони, груши, вишни. (2)Осенний ветер срывал листья, кружил их в воздухе и бросал на землю. (3)Погода была пасмурная, но теплая. (4)Сквозь тучи проглянуло солнце, осветив мокрые крыши.",123,"В предложениях 1, 2, 3 запятые разделяют однородные члены предложения. В предложении 4 запятая обособляет деепричастный оборот. Ответ: 123"
21,пунктуация_анализ,"Найдите предложения, в которых ДВОЕТОЧИЕ ставится в соответствии с одним и тем же правилом пунктуации. Запишите номера этих предложений.\n(1)Учитель сказал: «Завтра будет контрольная работа». (2)В классе наступила тишина: никто не был готов к проверке. (3)Вдруг староста произнес: «А можно перенести ее на пятницу?». (4)Учитель посмотрел на нас и ответил: «Хорошо, договорились».",134,"В предложениях 1, 3, 4 двоеточие ставится после слов автора перед прямой речью. В предложении 2 — между частями бессоюзного сложного предложения. Ответ: 134"
21,пунктуация_анализ,"Найдите предложения, в которых ЗАПЯТЫЕ ставятся в соответствии с одним и тем же правилом пунктуации. Запишите номера этих предложений.\n(1)Река, скованная льдом, блестела на солнце. (2)Деревья, покрытые инеем, напоминали сказочных великанов. (3)Мы шли по тропинке, петляющей среди сугробов. (4)Тихо падал снег, укрывая землю белым покрывалом.",123,"В предложениях 1, 2, 3 запятыми обособляются определения, выраженные причастными оборотами. В предложении 4 обособляется деепричастный оборот. Ответ: 123"
21,пунктуация_анализ,"Найдите предложения, в которых ТИРЕ ставится в соответствии с одним и тем же правилом пунктуации. Запишите номера этих предложений.\n(1)Мой друг — человек удивительной судьбы. (2)Рядом с домом росла береза — символ русской природы. (3)Вчера мы встретили Ивана — нашего старого знакомого. (4)Его любимая собака — верный помощник на охоте — радостно завиляла хвостом.",234,"В предложениях 2, 3, 4 тире выделяет обособленное приложение (определение, выраженное существительным). В предложении 1 тире стоит между подлежащим и сказуемым. Ответ: 234"
21,пунктуация_анализ,"Найдите предложения, в которых ЗАПЯТЫЕ ставятся в соответствии с одним и тем же правилом пунктуации. Запишите номера этих предложений.\n(1)Птицы, испугавшись шума, взлетели с веток. (2)Они кружили над лесом, громко крича. (3)Мальчик бежал, не разбирая дороги. (4)Лес, погруженный во тьму, казался страшным.",123,"В предложениях 1, 2, 3 запятыми выделяются обособленные обстоятельства, выраженные деепричастными оборотами. В предложении 4 — причастный оборот. Ответ: 123"
21,пунктуация_анализ,"Найдите предложения, в которых ДВОЕТОЧИЕ ставится в соответствии с одним и тем же правилом пунктуации. Запишите номера этих предложений.\n(1)В корзине лежали разные фрукты: яблоки, груши, сливы. (2)Вокруг было тихо: ни звука не доносилось из деревни. (3)Спорт развивает многие качества: выносливость, силу, ловкость. (4)На столе я увидел свои любимые лакомства: конфеты и печенье.",134,"В предложениях 1, 3, 4 двоеточие ставится после обобщающего слова перед рядом однородных членов. В предложении 2 — бессоюзное сложное предложение (БСП). Ответ: 134"
21,пунктуация_анализ,"Найдите предложения, в которых ЗАПЯТАЯ ставится в соответствии с одним и тем же правилом пунктуации. Запишите номера этих предложений.\n(1)Солнце село, и наступила долгожданная прохлада. (2)Мы развели костер, чтобы согреться. (3)Ветер стих, однако море продолжало бушевать. (4)Яркие звезды усыпали небо, и луна осветила наш лагерь.",134,"В предложениях 1, 3, 4 запятая разделяет грамматические основы сложносочиненного предложения (ССП). В предложении 2 — части сложноподчиненного предложения (СПП). Ответ: 134"
21,пунктуация_анализ,"Найдите предложения, в которых ТИРЕ ставится в соответствии с одним и тем же правилом пунктуации. Запишите номера этих предложений.\n(1)И книги, и тетради, и ручки — всё это лежало на столе в беспорядке. (2)В поле, в лесу, в воздухе — всюду чувствовалось приближение весны. (3)Зима — самое волшебное время года. (4)Радость и печаль, смех и слезы — все смешалось в ее душе.",124,"В предложениях 1, 2, 4 тире ставится после однородных членов перед обобщающим словом. В предложении 3 тире стоит между подлежащим и сказуемым. Ответ: 124"
21,пунктуация_анализ,"Найдите предложения, в которых ЗАПЯТЫЕ ставятся в соответствии с одним и тем же правилом пунктуации. Запишите номера этих предложений.\n(1)Мама, я скоро приду. (2)Что же ты, моя старушка, приумолкла у окна? (3)В этом году, к сожалению, урожай был плохой. (4)Спой мне песню, ветер!",124,"В предложениях 1, 2, 4 запятыми выделяется обращение. В предложении 3 запятыми обособляется вводное слово. Ответ: 124"
21,пунктуация_анализ,"Найдите предложения, в которых ЗАПЯТЫЕ ставятся в соответствии с одним и тем же правилом пунктуации. Запишите номера этих предложений.\n(1)Ее глаза сверкали, как звезды. (2)Он был силен, точно медведь. (3)Когда мы пришли, дом был пуст. (4)Озеро, как огромное зеркало, отражало небо.",124,"В предложениях 1, 2, 4 запятые выделяют сравнительные обороты. В предложении 3 запятая отделяет придаточное предложение от главного (СПП). Ответ: 124"
21,пунктуация_анализ,"Найдите предложения, в которых ТИРЕ ставится в соответствии с одним и тем же правилом пунктуации. Запишите номера этих предложений.\n(1)За окном шел дождь, а в доме — тепло и уют. (2)Мой брат любит физику, а я — литературу. (3)В одном углу стоял шкаф, в другом — кровать. (4)Алмаз — самый твердый минерал.",123,"В предложениях 1, 2, 3 тире ставится в неполном предложении на месте пропущенного члена предложения (сказуемого). В предложении 4 тире стоит между подлежащим и сказуемым. Ответ: 123"
21,пунктуация_анализ,"Найдите предложения, в которых ЗАПЯТАЯ ставится в соответствии с одним и тем же правилом пунктуации. Запишите номера этих предложений.\n(1)Сверкнула молния, раздался оглушительный гром. (2)Собака громко лаяла, кот испуганно шипел. (3)Ветер сорвал крышу с сарая, сломал старую яблоню. (4)Мы проснулись рано, солнце уже встало.",124,"В предложениях 1, 2, 4 запятая ставится между частями бессоюзного сложного предложения (БСП). В предложении 3 запятая разделяет однородные сказуемые. Ответ: 124"
21,пунктуация_анализ,"Найдите предложения, в которых ТИРЕ ставится в соответствии с одним и тем же правилом пунктуации. Запишите номера этих предложений.\n(1)«Я вернусь завтра», — сказал он тихо. (2)«Где здесь аптека?» — спросил прохожий. (3)Москва — столица России. (4)«Отличная идея!» — воскликнул капитан.",124,"В предложениях 1, 2, 4 тире разделяет прямую речь и слова автора. В предложении 3 тире ставится между подлежащим и сказуемым. Ответ: 124"
21,пунктуация_анализ,"Найдите предложения, в которых ЗАПЯТЫЕ ставятся в соответствии с одним и тем же правилом пунктуации. Запишите номера этих предложений.\n(1)Там, за рекой, начинался густой лес. (2)Вчера, поздно вечером, мы наконец добрались до дома. (3)Осенью, особенно в октябре, часто идут дожди. (4)Он бежал быстро, не оглядываясь назад.",123,"В предложениях 1, 2, 3 запятыми выделяются обособленные уточняющие члены предложения (обстоятельства). В предложении 4 обособляется деепричастный оборот. Ответ: 123"
21,пунктуация_анализ,"Найдите предложения, в которых ДВОЕТОЧИЕ ставится в соответствии с одним и тем же правилом пунктуации. Запишите номера этих предложений.\n(1)Я посмотрел на небо: собиралась гроза. (2)Он поступил правильно: друзья нуждались в его помощи. (3)В зоопарке мы видели разных животных: слонов, жирафов, обезьян. (4)Собака зарычала: к дому подходил незнакомец.",124,"В предложениях 1, 2, 4 двоеточие разделяет части бессоюзного сложного предложения (БСП). В предложении 3 двоеточие ставится после обобщающего слова перед однородными членами. Ответ: 124"
1,текст_главная_мысль,"Прочитайте текст.\n(1)Глобальное потепление приводит к стремительному таянию ледников в Арктике и Антарктике. (2)В результате этого процесса уровень Мирового океана неуклонно повышается. (3)Поэтому многие прибрежные города и островные государства оказываются под угрозой полного затопления.\nУкажите варианты ответов, в которых верно передана ГЛАВНАЯ информация, содержащаяся в тексте.\n1) Таяние ледников из-за глобального потепления ведет к повышению уровня Мирового океана, что угрожает затоплением прибрежным территориям.\n2) Глобальное потепление приводит к изменению климата, из-за чего в Антарктике исчезают многие виды животных.\n3) Многие прибрежные города и островные государства находятся под угрозой затопления вследствие повышения уровня Мирового океана, вызванного таянием ледников из-за глобального потепления.\n4) Уровень Мирового океана повышается из-за того, что прибрежные города уходят под воду.\n5) В Арктике и Антарктике стремительно тают ледники, однако ученые пока не могут найти решение этой проблемы.",13,"Предложения 1 и 3 содержат всю главную информацию: причина (глобальное потепление), следствие 1 (таяние ледников и повышение уровня океана), следствие 2 (угроза затопления прибрежных зон). Остальные варианты упускают важные детали или содержат искаженную информацию. Ответ: 13"
1,текст_главная_мысль,"Прочитайте текст.\n(1)Бумага была изобретена в Древнем Китае во II веке нашей эры. (2)Изначально ее изготавливали из коры деревьев, конопли и старых рыболовных сетей, что делало процесс сложным и долгим. (3)Несмотря на это, появление бумаги стало важнейшим шагом в развитии человеческой цивилизации, так как она заменила дорогие и неудобные материалы для письма.\nУкажите варианты ответов, в которых верно передана ГЛАВНАЯ информация, содержащаяся в тексте.\n1) В Древнем Китае бумагу делали из рыболовных сетей, чтобы сохранить леса от вырубки.\n2) Изобретение бумаги в Древнем Китае стало важнейшим шагом в развитии цивилизации, поскольку она заменила дорогие материалы для письма, несмотря на сложный процесс изготовления.\n3) До II века нашей эры люди писали на дорогих и неудобных материалах, которые было сложно хранить.\n4) Появление в Древнем Китае бумаги, первоначально изготавливаемой сложным способом, стало важным этапом в развитии человечества благодаря замене неудобных материалов для письма.\n5) Бумага была изобретена в Китае, но настоящий прорыв в ее производстве произошел только в Европе.",24,"В предложениях 2 и 4 верно передана главная мысль: время и место изобретения, первоначальная сложность процесса и значение для человечества (замена дорогих материалов). Варианты 1 и 5 содержат ложную информацию. Ответ: 24"
1,текст_главная_мысль,"Прочитайте текст.\n(1)Процесс фотосинтеза играет ключевую роль в поддержании жизни на Земле. (2)Благодаря ему зеленые растения поглощают углекислый газ и выделяют кислород, необходимый для дыхания большинства живых организмов. (3)Именно поэтому массовая вырубка тропических лесов может привести к глобальной экологической катастрофе.\nУкажите варианты ответов, в которых верно передана ГЛАВНАЯ информация, содержащаяся в тексте.\n1) Массовая вырубка тропических лесов грозит планете экологической катастрофой, так как растения в процессе фотосинтеза выделяют кислород, жизненно важный для организмов.\n2) Зеленые растения поглощают углекислый газ, который является главной причиной парникового эффекта на нашей планете.\n3) Экологическая катастрофа может стать следствием вырубки лесов, поскольку именно они обеспечивают живые организмы кислородом благодаря процессу фотосинтеза.\n4) Тропические леса необходимо охранять, потому что в них обитает огромное количество редких видов животных.\n5) Фотосинтез — это сложный химический процесс, который происходит в листьях зеленых растений под воздействием солнечного света.",13,"Варианты 1 и 3 верно объединяют все микротемы: важность фотосинтеза (выделение кислорода) и угрозу от вырубки лесов. Остальные варианты содержат неполную или отсутствующую в тексте информацию. Ответ: 13"
1,текст_главная_мысль,"Прочитайте текст.\n(1)Антибиотики совершили настоящую революцию в медицине, позволив успешно лечить многие смертельные бактериальные инфекции. (2)Однако бесконтрольное и частое применение этих препаратов привело к появлению супербактерий, устойчивых к лечению. (3)В связи с этим Всемирная организация здравоохранения призывает строго регулировать продажу и использование антибиотиков.\nУкажите варианты ответов, в которых верно передана ГЛАВНАЯ информация, содержащаяся в тексте.\n1) Всемирная организация здравоохранения требует запретить производство антибиотиков, так как они вызывают опасные мутации.\n2) Бесконтрольное применение антибиотиков привело к появлению устойчивых супербактерий, поэтому ВОЗ призывает строго регулировать использование этих лекарств.\n3) Антибиотики совершили революцию в медицине, позволив лечить инфекции, с которыми раньше невозможно было справиться.\n4) Из-за появления супербактерий, вызванного частым использованием антибиотиков, ВОЗ настаивает на строгом регулировании применения этих препаратов.\n5) Супербактерии не поддаются лечению обычными препаратами, поэтому ученые разрабатывают новые виды мощных антибиотиков.",24,"В вариантах 2 и 4 отражена вся суть: польза антибиотиков нивелируется появлением супербактерий из-за бесконтрольного применения, что требует регулирования со стороны ВОЗ. Ответ: 24"
1,текст_главная_мысль,"Прочитайте текст.\n(1)Великая Китайская стена была построена для защиты северных границ империи от набегов кочевников. (2)Её возведение потребовало колоссальных человеческих и материальных ресурсов на протяжении нескольких столетий. (3)Сегодня это грандиозное сооружение утратило свою оборонительную функцию, но стало одним из главных символов Китая и популярным туристическим объектом.\nУкажите варианты ответов, в которых верно передана ГЛАВНАЯ информация, содержащаяся в тексте.\n1) Строительство Великой Китайской стены потребовало огромных ресурсов, чтобы защитить страну от кочевников, а сегодня она стала символом Китая и туристическим объектом.\n2) Великая Китайская стена защищала Китай от нападений, поэтому ее строительство длилось несколько веков и требовало больших затрат.\n3) Сегодня Великая Китайская стена, требовавшая для своей постройки огромных ресурсов с целью защиты от кочевников, утратила оборонительную функцию и является символом страны и объектом туризма.\n4) Многие туристы приезжают в Китай только для того, чтобы увидеть Великую стену, которая раньше защищала страну от врагов.\n5) Великая Китайская стена строилась несколько веков, но кочевники все равно находили способы прорвать ее оборону.",13,"Предложения 1 и 3 включают все три микротемы: первоначальная цель (защита от кочевников), затраты ресурсов и современный статус (символ и туристический объект). Ответ: 13"
1,текст_главная_мысль,"Прочитайте текст.\n(1)Многочисленные исследования показывают, что прослушивание классической музыки благотворно влияет на мозг человека. (2)Оно способствует улучшению памяти, снижению уровня стресса и повышению концентрации внимания. (3)Исходя из этого, психологи рекомендуют включать классические произведения во время напряженной умственной работы или подготовки к экзаменам.\nУкажите варианты ответов, в которых верно передана ГЛАВНАЯ информация, содержащаяся в тексте.\n1) Психологи рекомендуют слушать классическую музыку во время умственной работы, поскольку исследования доказали ее положительное влияние на память, внимание и снижение стресса.\n2) Классическая музыка благотворно влияет на мозг, улучшая память и снижая уровень стресса, поэтому многие студенты слушают её перед экзаменами.\n3) Благодаря тому, что классическая музыка улучшает память, повышает концентрацию и снижает стресс, психологи советуют слушать её при напряженной умственной работе.\n4) Исследования доказывают, что любая спокойная музыка помогает сосредоточиться при подготовке к сложным экзаменам.\n5) Прослушивание классической музыки снижает стресс, что особенно важно для людей, занимающихся тяжелым физическим трудом.",13,"Варианты 1 и 3 точно передают главную информацию текста, связывая причину (положительное влияние музыки на мозг) и следствие (рекомендации психологов). Ответ: 13"
1,текст_главная_мысль,"Прочитайте текст.\n(1)Олимпийские игры зародились в Древней Греции как религиозный и спортивный праздник в честь бога Зевса. (2)На время их проведения объявлялось священное перемирие, и любые войны между греческими полисами прекращались. (3)Эта традиция подчеркивала важность мира и единства, что сделало Олимпийские игры не только спортивным, но и важным культурным событием античности.\nУкажите варианты ответов, в которых верно передана ГЛАВНАЯ информация, содержащаяся в тексте.\n1) Олимпийские игры в Древней Греции проводились в честь Зевса и сопровождались перемирием, что делало их значимым культурным событием, символизирующим мир и единство.\n2) Во время Олимпийских игр в Древней Греции прекращались войны, потому что спортсмены из разных полисов не могли участвовать в сражениях.\n3) Зародившиеся в Древней Греции как праздник в честь Зевса Олимпийские игры, во время которых прекращались войны, стали важнейшим символом мира, единства и культурной общности.\n4) Олимпийские игры были исключительно спортивным мероприятием, на котором греки демонстрировали свою физическую силу и выносливость.\n5) Традиция объявлять священное перемирие во время спортивных соревнований сохранилась с античных времен до наших дней.",13,"Предложения 1 и 3 полностью отражают содержание текста: происхождение игр, факт перемирия и их культурное значение как символа мира. Ответ: 13"
1,текст_главная_мысль,"Прочитайте текст.\n(1)Крупные извержения вулканов выбрасывают в атмосферу огромное количество пепла и сернистого газа. (2)Эти вещества образуют плотную завесу, которая отражает солнечные лучи и не позволяет им достигать поверхности Земли. (3)Следствием такого процесса становится глобальное похолодание климата, которое может длиться несколько лет.\nУкажите варианты ответов, в которых верно передана ГЛАВНАЯ информация, содержащаяся в тексте.\n1) Крупные извержения вулканов приводят к глобальному похолоданию, так как выброшенные в атмосферу пепел и газ препятствуют проникновению солнечных лучей к поверхности Земли.\n2) Извержения вулканов опасны тем, что выбрасывают в атмосферу раскаленный пепел, который уничтожает все живое на своем пути.\n3) Выброс пепла и сернистого газа при извержении вулканов создает завесу, отражающую солнечные лучи, что вызывает длительное глобальное похолодание климата.\n4) Пепел и сернистый газ образуют плотную завесу, которая приводит к парниковому эффекту и глобальному потеплению на несколько лет.\n5) Вулканическая активность является главным фактором изменения климата на нашей планете на протяжении миллионов лет.",13,"В вариантах 1 и 3 верно установлена причинно-следственная связь: выбросы пепла и газа создают экран от солнца, что приводит к глобальному похолоданию. Ответ: 13"
1,текст_главная_мысль,"Прочитайте текст.\n(1)Русский язык на огромной территории России не является абсолютно однородным. (2)В разных регионах страны существуют свои диалекты — местные особенности произношения и употребления слов. (3)Однако благодаря единой системе образования и средствам массовой информации литературная норма остается общей и понятной для всех носителей языка.\nУкажите варианты ответов, в которых верно передана ГЛАВНАЯ информация, содержащаяся в тексте.\n1) Русский язык неоднороден из-за наличия региональных диалектов, однако единая система образования и СМИ обеспечивают общность литературной нормы для всех говорящих.\n2) В разных регионах России люди говорят на диалектах, поэтому им иногда трудно понимать друг друга без знания литературной нормы.\n3) Литературная норма русского языка, несмотря на наличие местных диалектов, остается общей для всех благодаря влиянию средств массовой информации и системы образования.\n4) Средства массовой информации способствуют исчезновению региональных диалектов, заменяя их строгой литературной нормой.\n5) Русский язык имеет множество диалектов, которые формировались на протяжении веков на огромной территории страны.",13,"Варианты 1 и 3 включают информацию обо всех трех предложениях текста: о неоднородности (диалектах) и о сохранении общей литературной нормы благодаря образованию и СМИ. Ответ: 13"
1,текст_главная_мысль,"Прочитайте текст.\n(1)Пчелы играют важнейшую роль в сельском хозяйстве, являясь главными опылителями многих культурных растений. (2)Без их участия урожайность фруктов, овощей и орехов резко снизилась бы, что привело бы к глобальному продовольственному кризису. (3)Именно поэтому массовая гибель пчел из-за использования пестицидов вызывает серьезную тревогу у экологов всего мира.\nУкажите варианты ответов, в которых верно передана ГЛАВНАЯ информация, содержащаяся в тексте.\n1) Экологи всего мира обеспокоены массовой гибелью пчел от пестицидов, так как эти насекомые — главные опылители, без которых невозможен высокий урожай и избежание продовольственного кризиса.\n2) Пчелы являются главными опылителями растений, поэтому их массовое разведение необходимо для повышения урожайности в сельском хозяйстве.\n3) Угроза продовольственного кризиса, вызванная снижением урожайности из-за гибели пчел-опылителей от пестицидов, вызывает серьезную тревогу мировых экологов.\n4) Использование пестицидов в сельском хозяйстве приводит к гибели не только вредных насекомых, но и полезных пчел.\n5) Экологи призывают полностью отказаться от пестицидов, чтобы спасти пчел от массового вымирания.",13,"В предложениях 1 и 3 верно передана мысль о значении пчел как опылителей, угрозе продовольственного кризиса без них и тревоге экологов из-за их гибели от пестицидов. Ответ: 13"
1,текст_главная_мысль,"Прочитайте текст.\n(1)Коралловые рифы часто называют «морскими тропическими лесами» из-за их огромного биоразнообразия. (2)Они служат домом для четверти всех морских видов, предоставляя им укрытие и пищу. (3)К сожалению, повышение температуры океана и его закисление разрушают эти хрупкие экосистемы, угрожая выживанию тысяч видов рыб и беспозвоночных.\nУкажите варианты ответов, в которых верно передана ГЛАВНАЯ информация, содержащаяся в тексте.\n1) Коралловые рифы, являющиеся домом для множества морских видов благодаря огромному биоразнообразию, подвергаются разрушению из-за потепления и закисления океана.\n2) Повышение температуры океана приводит к тому, что многие рыбы покидают коралловые рифы в поисках более холодных вод.\n3) Разрушение коралловых рифов, обеспечивающих укрытием и пищей четверть морских видов, происходит вследствие повышения температуры и закисления океана, что угрожает биоразнообразию.\n4) Коралловые рифы называют «морскими тропическими лесами», потому что они производят большое количество кислорода.\n5) Чтобы спасти коралловые рифы от гибели, ученые создают искусственные укрытия для морских обитателей.",13,"Предложения 1 и 3 объединяют главные мысли: ценность коралловых рифов (дом для 25% видов, биоразнообразие) и причина их разрушения (потепление и закисление океана). Ответ: 13"
1,текст_главная_мысль,"Прочитайте текст.\n(1)Марианская впадина является самым глубоким известным местом на Земле, скрывающим множество неизученных тайн. (2)Из-за колоссального давления, полной темноты и низких температур исследование этой бездны крайне затруднено. (3)Однако современные глубоководные аппараты постепенно позволяют ученым открывать там новые, удивительные виды организмов, приспособившихся к экстремальным условиям.\nУкажите варианты ответов, в которых верно передана ГЛАВНАЯ информация, содержащаяся в тексте.\n1) Исследование Марианской впадины, самого глубокого места на Земле, затруднено экстремальными условиями, но современные аппараты позволяют находить там неизвестные ранее виды организмов.\n2) Марианская впадина остается совершенно неизученной, потому что колоссальное давление и низкие температуры разрушают любую технику.\n3) Несмотря на экстремальные условия, затрудняющие изучение глубочайшей на Земле Марианской впадины, ученые с помощью новых аппаратов открывают там уникальные виды живых организмов.\n4) Глубоководные аппараты разрабатываются специально для того, чтобы изучать флору и фауну в условиях низких температур.\n5) В Марианской впадине обитают самые древние организмы на планете, которые смогли выжить благодаря отсутствию солнечного света.",13,"Варианты 1 и 3 содержат всю главную информацию: статус впадины (самая глубокая), сложности изучения (экстремальные условия) и успехи (использование аппаратов и открытие новых видов). Ответ: 13"
1,текст_главная_мысль,"Прочитайте текст.\n(1)Долгое время египетские иероглифы оставались для ученых неразрешимой загадкой. (2)Ключом к их расшифровке стал Розеттский камень, на котором один и тот же текст был высечен древнеегипетскими иероглифами и на известном древнегреческом языке. (3)Опираясь на эту двуязычную надпись, французский ученый Жан-Франсуа Шампольон смог понять принцип египетского письма и открыть миру историю Древнего Египта.\nУкажите варианты ответов, в которых верно передана ГЛАВНАЯ информация, содержащаяся в тексте.\n1) Египетские иероглифы были расшифрованы благодаря Розеттскому камню, который содержал одинаковый текст на древнеегипетском и древнегреческом языках, что помогло Шампольону открыть историю Египта.\n2) Розеттский камень был найден в Египте случайно и долгое время хранился в музее, пока им не заинтересовался Шампольон.\n3) Французский ученый Жан-Франсуа Шампольон, использовав двуязычную надпись на Розеттском камне, расшифровал египетские иероглифы, что позволило изучать историю Древнего Египта.\n4) Жан-Франсуа Шампольон всю жизнь изучал древнегреческий язык, чтобы в конечном итоге перевести тексты Розеттского камня.\n5) Египетские иероглифы были слишком сложны для понимания, поэтому ученые долгое время не могли прочитать историю Древнего Египта.",13,"Предложения 1 и 3 точно отражают суть текста: загадка иероглифов была решена Шампольоном с помощью двуязычной надписи на Розеттском камне. Ответ: 13"
1,текст_главная_мысль,"Прочитайте текст.\n(1)Здоровый сон критически важен не только для физического отдыха, но и для нормальной работы человеческого мозга. (2)Во время фазы глубокого сна происходит консолидация памяти: информация, полученная за день, переходит из кратковременной памяти в долговременную. (3)Хронический недосып нарушает этот процесс, что ведет к снижению обучаемости и ухудшению концентрации.\nУкажите варианты ответов, в которых верно передана ГЛАВНАЯ информация, содержащаяся в тексте.\n1) Сон необходим для перевода информации в долговременную память, поэтому недостаток сна приводит к ухудшению обучаемости и концентрации.\n2) Хронический недосып вреден для физического здоровья человека, так как он вызывает быструю утомляемость и стресс.\n3) Поскольку во время глубокого сна происходит консолидация памяти, хронический недосып нарушает нормальную работу мозга, ухудшая обучаемость и концентрацию.\n4) Во время фазы глубокого сна мозг полностью отключается, чтобы дать организму возможность восстановить физические силы.\n5) Для улучшения памяти ученые рекомендуют спать не менее восьми часов в сутки и избегать умственных нагрузок перед сном.",13,"В вариантах 1 и 3 выражена основная мысль: связь глубокого сна с консолидацией памяти и негативные последствия недосыпа для обучаемости. Ответ: 13"
1,текст_главная_мысль,"Прочитайте текст.\n(1)Эпоха Возрождения, зародившаяся в Италии в XIV веке, ознаменовалась возвращением к идеалам античной культуры. (2)В центре внимания мыслителей и художников того времени оказался человек, его красота, разум и внутренний мир, что получило название «гуманизм». (3)Это смещение фокуса с религиозных догм на личность дало мощный толчок развитию науки, искусства и литературы в Европе.\nУкажите варианты ответов, в которых верно передана ГЛАВНАЯ информация, содержащаяся в тексте.\n1) Гуманизм эпохи Возрождения, поставивший в центр внимания личность человека по античному образцу, способствовал бурному развитию науки и искусства в Европе.\n2) Эпоха Возрождения зародилась в Италии в XIV веке, потому что именно там сохранилось наибольшее количество памятников античной архитектуры.\n3) Смещение внимания с религии на человека, характерное для зародившегося в эпоху Возрождения гуманизма, дало мощный импульс развитию европейской культуры и науки.\n4) В эпоху Возрождения итальянские художники начали писать картины на религиозные темы, используя новые техники живописи.\n5) Идеалы античной культуры были полностью забыты в Средние века, но вновь обрели популярность в XIV веке.",13,"Предложения 1 и 3 верно объединяют микротемы: суть Возрождения (гуманизм, внимание к личности/античности) и последствия (развитие науки, искусства, литературы). Ответ: 13"
1,текст_главная_мысль,"Прочитайте текст.\n(1)Черные дыры — это области пространства-времени с настолько сильным гравитационным притяжением, что их не может покинуть даже свет. (2)Они образуются в результате коллапса массивных звезд на конечной стадии их эволюции. (3)Из-за того, что черные дыры не излучают света, ученые могут обнаруживать их только косвенными методами, наблюдая за их влиянием на соседние объекты.\nУкажите варианты ответов, в которых верно передана ГЛАВНАЯ информация, содержащаяся в тексте.\n1) Черные дыры образуются при коллапсе массивных звезд и обладают мощнейшей гравитацией, поэтому их можно обнаружить лишь косвенно по влиянию на другие объекты, так как они не излучают свет.\n2) Гравитационное притяжение черных дыр настолько сильно, что они поглощают соседние звезды, увеличивая свою массу.\n3) Ученые изучают черные дыры только косвенными методами, наблюдая за их влиянием на окружающие объекты, поскольку мощная гравитация коллапсировавших звезд не выпускает даже свет.\n4) Массивные звезды на конечной стадии своей эволюции взрываются, освещая огромные пространства вокруг себя.\n5) Черные дыры — это невидимые объекты во Вселенной, которые со временем испаряются и исчезают.",13,"Варианты 1 и 3 содержат информацию обо всех частях текста: суть черной дыры (мощная гравитация), происхождение (коллапс звезд) и способ обнаружения (косвенный). Ответ: 13"
1,текст_главная_мысль,"Прочитайте текст.\n(1)Великий шелковый путь представлял собой сеть караванных маршрутов, связывавших Восточную Азию со Средиземноморьем. (2)По этим торговым артериям перевозились не только ценные товары, такие как шелк и пряности, но и передавались культурные, научные и технологические достижения. (3)Таким образом, Шелковый путь стал важнейшим фактором интеграции цивилизаций Евразии на протяжении многих столетий.\nУкажите варианты ответов, в которых верно передана ГЛАВНАЯ информация, содержащаяся в тексте.\n1) Великий шелковый путь был главной причиной военных конфликтов между государствами Азии и Европы из-за контроля над торговлей пряностями.\n2) Великий шелковый путь, связывавший Азию и Средиземноморье, способствовал обмену товарами и технологиями, став важнейшим фактором интеграции цивилизаций Евразии.\n3) По караванным маршрутам Шелкового пути купцы перевозили шелк, который стоил в Европе невероятно дорого.\n4) Будучи сетью торговых маршрутов между Азией и Средиземноморьем, Великий шелковый путь обеспечивал обмен товарами и знаниями, что способствовало сближению цивилизаций Евразии.\n5) Технологические достижения Китая попали в Европу именно благодаря купцам, которые рисковали жизнью на Шелковом пути.",24,"В вариантах 2 и 4 верно передана мысль о том, что Шелковый путь связывал Азию и Средиземноморье, обеспечивал обмен товарами и знаниями и способствовал интеграции цивилизаций. Ответ: 24"
1,текст_главная_мысль,"Прочитайте текст.\n(1)Развитие искусственного интеллекта (ИИ) открывает перед человечеством огромные перспективы в медицине, экономике и науке. (2)Вместе с тем быстрое внедрение алгоритмов порождает серьезные этические проблемы, связанные с конфиденциальностью данных и возможной потерей рабочих мест. (3)Следовательно, для безопасного будущего необходимо разработать строгие международные законы, регулирующие деятельность ИИ.\nУкажите варианты ответов, в которых верно передана ГЛАВНАЯ информация, содержащаяся в тексте.\n1) Искусственный интеллект открывает большие перспективы, но из-за этических проблем и рисков потери рабочих мест его использование требует строгого международного регулирования.\n2) Внедрение искусственного интеллекта приведет к массовой безработице, поэтому ученые призывают остановить дальнейшие разработки в этой области.\n3) Искусственный интеллект уже сегодня успешно применяется в медицине и экономике, заменяя людей на опасных производствах.\n4) Несмотря на перспективы использования ИИ, связанные с ним этические проблемы и риски делают необходимым создание международных законов для регулирования этой сферы.\n5) Законодательство в области ИИ разрабатывается слишком медленно, что создает угрозу конфиденциальности данных пользователей по всему миру.",14,"Предложения 1 и 4 охватывают все ключевые идеи: перспективы ИИ, этические проблемы (риски) и необходимость создания регулирующих законов. Ответ: 14"
1,текст_главная_мысль,"Прочитайте текст.\n(1)Магнитное поле Земли действует как невидимый щит, защищающий нашу планету от смертельного космического излучения и солнечного ветра. (2)Оно генерируется благодаря движению расплавленного железа во внешнем ядре планеты. (3)Если бы это поле внезапно исчезло, атмосфера Земли была бы быстро сдута солнечным ветром, и жизнь на поверхности стала бы невозможной.\nУкажите варианты ответов, в которых верно передана ГЛАВНАЯ информация, содержащаяся в тексте.\n1) Жизнь на Земле невозможна без магнитного поля, защищающего планету от космического излучения и возникающего из-за движения расплавленного железа в земном ядре.\n2) Движение расплавленного железа во внешнем ядре Земли может прекратиться, что приведет к катастрофическим последствиям для атмосферы.\n3) Защищающее Землю от солнечного ветра магнитное поле, которое образуется благодаря жидкому железному ядру, является обязательным условием сохранения атмосферы и жизни на планете.\n4) Солнечный ветер способен сдуть атмосферу Земли, если активность Солнца резко возрастет.\n5) Ученые изучают магнитное поле Земли, чтобы понять, как защитить космические аппараты от радиации.",13,"Варианты 1 и 3 полно и точно отражают главную информацию: функцию магнитного поля (защита), его происхождение (жидкое ядро) и его необходимость для жизни и атмосферы. Ответ: 13"
1,текст_главная_мысль,"Прочитайте текст.\n(1)Пенициллин, первый в мире антибиотик, был открыт Александром Флемингом совершенно случайно в 1928 году. (2)Ученый заметил, что плесень, случайно попавшая в чашку Петри, уничтожила колонию болезнетворных бактерий стафилококка. (3)Это случайное наблюдение положило начало эре антибиотиков, спасших впоследствии миллионы человеческих жизней во время Второй мировой войны и после нее.\nУкажите варианты ответов, в которых верно передана ГЛАВНАЯ информация, содержащаяся в тексте.\n1) Александр Флеминг целенаправленно искал лекарство от стафилококка и в 1928 году выделил пенициллин из особого вида плесени.\n2) Случайное открытие пенициллина А. Флемингом, заметившим уничтожение бактерий плесенью, положило начало эре антибиотиков, спасших миллионы жизней.\n3) Во время Второй мировой войны пенициллин производился в огромных масштабах, что помогло снизить смертность среди раненых солдат.\n4) Эра антибиотиков, спасших миллионы жизней, началась со случайного открытия А. Флемингом пенициллина благодаря наблюдению за плесенью, уничтожившей бактерии.\n5) Болезнетворные бактерии стафилококка были побеждены только в середине XX века благодаря созданию искусственных антибиотиков.",24,"Варианты 2 и 4 точно отражают основные элементы текста: случайность открытия, имя ученого, механизм действия (плесень убила бактерии) и значимость (спасение жизней, эра антибиотиков). Вариант 1 искажает текст (целенаправленно). Ответ: 24"
2,текст_средства_связи,"Прочитайте текст и выполните задание.\n(1)Многие птицы осенью улетают в теплые края. (2)<...> ласточки и стрижи покидают наши широты одними из первых из-за нехватки насекомых. (3)А вот синицы остаются зимовать.\nСамостоятельно подберите вводное слово, которое должно стоять на месте пропуска в предложении (2). Запишите это слово.",например,"Во втором предложении приводится конкретный пример к общему утверждению, высказанному в первом предложении. Для этой цели используется вводное слово «например» или «к примеру». Ответ: например"
2,текст_средства_связи,"Прочитайте текст и выполните задание.\n(1)Атмосфера Земли играет важнейшую роль в поддержании жизни, защищая планету от губительного космического излучения. (2)<...> без этой невидимой оболочки все живое мгновенно бы погибло, ученые тщательно изучают её состав. (3)Любые изменения в ней могут привести к катастрофе.\nСамостоятельно подберите подчинительный союз, который должен стоять на месте пропуска в предложении (2). Запишите этот союз.",поскольку,"Второе предложение содержит причину того, о чем говорится в его главной части (ученые изучают, ПОЧЕМУ? потому что без нее все бы погибло). Требуется подчинительный союз со значением причины: «поскольку», «так как» или «потому что». Ответ: поскольку"
2,текст_средства_связи,"Прочитайте текст и выполните задание.\n(1)Долгое время считалось, что мозг взрослого человека не способен создавать новые нейроны. (2)<...>, недавние исследования доказали обратное: нейрогенез продолжается на протяжении всей жизни. (3)Это открытие перевернуло представления нейробиологов.\nСамостоятельно подберите противительный союз, который должен стоять на месте пропуска в предложении (2). Запишите этот союз.",однако,"Второе предложение противопоставлено первому (считалось одно, но доказали обратное). По смыслу и структуре (выделение запятой) требуется противительный союз «однако». Ответ: однако"
2,текст_средства_связи,"Прочитайте текст и выполните задание.\n(1)В начале ХХ века в искусстве появилось множество новых направлений. (2)Одним из них стал кубизм, основоположниками которого считаются Пикассо и Брак. (3)<...> стиль отличался использованием геометрических форм и дроблением объектов на части.\nСамостоятельно подберите указательное местоимение, которое должно стоять на месте пропуска в предложении (3). Запишите это местоимение.",этот,"В предложении (3) речь идет о стиле, упомянутом в предыдущем предложении (кубизме). Для указания на уже названный предмет используется местоимение «этот» (или «такой»). Ответ: этот"
2,текст_средства_связи,"Прочитайте текст и выполните задание.\n(1)Для получения прочного бетона необходимо строго соблюдать пропорции воды и цемента. (2)Если воды будет слишком много, смесь получится слабой. (3)<...> поэтому строители используют специальные пластификаторы для улучшения свойств материала.\nСамостоятельно подберите уточняющую частицу, которая должна стоять на месте пропуска в предложении (3). Запишите эту частицу.",именно,"В третьем предложении подчеркивается, уточняется причина использования пластификаторов. Для усиления и уточнения значения слова «поэтому» используется частица «именно». Ответ: именно"
2,текст_средства_связи,"Прочитайте текст и выполните задание.\n(1)Вода обладает удивительным свойством: при замерзании она расширяется. (2)Плотность льда оказывается меньше плотности жидкой воды. (3)<...>, лед не тонет, а плавает на поверхности водоемов, спасая их обитателей от гибели в зимние холода.\nСамостоятельно подберите местоименное наречие, которое должно стоять на месте пропуска в предложении (3). Запишите это наречие.",поэтому,"В третьем предложении содержится следствие, вывод из того, о чем говорилось во втором предложении. Для выражения следствия используется местоименное наречие «поэтому» или «оттого». Ответ: поэтому"
2,текст_средства_связи,"Прочитайте текст и выполните задание.\n(1)В пустынях днем стоит невыносимая жара, а ночью температура может опускаться ниже нуля. (2)<...> такие суровые условия, животный и растительный мир этих мест весьма разнообразен. (3)Обитатели пустыни выработали уникальные механизмы адаптации.\nСамостоятельно подберите производный предлог, который должен стоять на месте пропуска в предложении (2). Запишите этот предлог.",несмотряна,"Предложение (2) содержит уступительное значение (разнообразен вопреки суровым условиям). Используется производный уступительный предлог «несмотря на» (или «невзирая на»). При вводе в бланк ЕГЭ пробелы не ставятся, но в тексте пишется раздельно. Ответ: несмотря на"
2,текст_средства_связи,"Прочитайте текст и выполните задание.\n(1)Сон необходим для восстановления физических сил организма. (2)Кроме того, во время сна происходит обработка и систематизация информации, полученной за день. (3)<...>, полноценный отдых критически важен как для тела, так и для мозга.\nСамостоятельно подберите вводное словосочетание, которое должно стоять на месте пропуска в предложении (3). Запишите это словосочетание.",такимобразом,"Третье предложение подводит итог, делает вывод из сказанного в первых двух. Для подведения итога используется вводное словосочетание «таким образом». Ответ: таким образом"
2,текст_средства_связи,"Прочитайте текст и выполните задание.\n(1)Изучение иностранных языков развивает память и улучшает когнитивные способности. (2)<...> несколько минут ежедневной практики дают ощутимый положительный результат. (3)Главное в этом деле — регулярность и настойчивость.\nСамостоятельно подберите усилительную частицу, которая должна стоять на месте пропуска в предложении (2). Запишите эту частицу.",даже,"В предложении подчеркивается значимость малого количества времени, усиливается смысл сказанного. Для этого используется усилительная частица «даже». Ответ: даже"
2,текст_средства_связи,"Прочитайте текст и выполните задание.\n(1)Глубоководные аппараты позволяют ученым исследовать самые темные океанские впадины. (2)Там были обнаружены уникальные микроорганизмы, <...> способны выживать при колоссальном давлении без солнечного света. (3)Изучение таких существ помогает понять пределы выносливости жизни.\nСамостоятельно подберите относительное местоимение, которое должно стоять на месте пропуска в предложении (2). Запишите это местоимение.",которые,"Второе предложение является сложноподчиненным с придаточным определительным, которое присоединяется к главному с помощью относительного местоимения «которые» (заменяет слово «микроорганизмы»). Ответ: которые"
2,текст_средства_связи,"Прочитайте текст и выполните задание.\n(1)Многие вулканы на Земле относятся к спящим. (2)<...>, они не проявляют активности в настоящее время, но потенциально могут проснуться и начать извергаться. (3)За такими вулканами ведется постоянное сейсмическое наблюдение.\nСамостоятельно подберите пояснительный союз, который должен стоять на месте пропуска в предложении (2). Запишите этот союз.",тоесть,"Второе предложение поясняет, раскрывает смысл понятия «спящие вулканы», введенного в первом предложении. Для пояснения используется союз «то есть» или «а именно». Ответ: то есть"
2,текст_средства_связи,"Прочитайте текст и выполните задание.\n(1)В лесах Амазонии обитает огромное количество редких видов животных и птиц. (2)К сожалению, многие из них находятся под угрозой исчезновения из-за вырубки деревьев. (3)Если не принять срочных мер, <...> могут навсегда исчезнуть с лица планеты.\nСамостоятельно подберите личное местоимение, которое должно стоять на месте пропуска в предложении (3). Запишите это местоимение.",они,"Слово заменяет существительное из предыдущего предложения («виды»/«животные и птицы») во множественном числе, выступая в роли подлежащего. Требуется личное местоимение «они». Ответ: они"
2,текст_средства_связи,"Прочитайте текст и выполните задание.\n(1)В последние десятилетия активно развиваются технологии альтернативной энергетики. (2)<...> использованию солнечных панелей и ветрогенераторов многие страны смогли значительно снизить выбросы углекислого газа. (3)Это важный шаг в борьбе с глобальным потеплением.\nСамостоятельно подберите производный предлог, который должен стоять на месте пропуска в предложении (2). Запишите этот предлог.",благодаря,"Во втором предложении указывается положительная причина успешного снижения выбросов. Для указания причины с положительным оттенком используется производный предлог «благодаря». Ответ: благодаря"
2,текст_средства_связи,"Прочитайте текст и выполните задание.\n(1)Чтение классической литературы приносит огромную пользу развивающемуся уму. (2)<...>, оно расширяет словарный запас и учит грамотно выражать свои мысли. (3)Во-вторых, классика помогает лучше понимать психологию людей и историю общества.\nСамостоятельно подберите вводное слово, которое должно стоять на месте пропуска в предложении (2). Запишите это слово.",вопервых,"В третьем предложении стоит вводное слово «Во-вторых», указывающее на порядок мыслей. Следовательно, в предыдущем предложении должно быть парное ему вводное слово «во-первых». Ответ: во-первых"
2,текст_средства_связи,"Прочитайте текст и выполните задание.\n(1)Не стоит откладывать важные и сложные дела на потом. (2)<...> прокрастинация только усиливает тревогу и снижает качество выполненной работы. (3)Гораздо эффективнее разбивать большие задачи на мелкие этапы.\nСамостоятельно подберите частицу, которая должна стоять на месте пропуска в предложении (2). Запишите эту частицу.",ведь,"Второе предложение объясняет, обосновывает мысль первого (почему не стоит откладывать). Для усиления объяснения используется частица «ведь» (часто выступающая в роли союза). Ответ: ведь"
2,текст_средства_связи,"Прочитайте текст и выполните задание.\n(1)Солнечная система состоит из центральной звезды и планет, вращающихся вокруг нее. (2)<...> эти небесные тела удерживаются на своих орбитах благодаря силе гравитации Солнца. (3)Изучение законов тяготения началось еще во времена Исаака Ньютона.\nСамостоятельно подберите определительное местоимение, которое должно стоять на месте пропуска в предложении (2). Запишите это местоимение.",все,"В предложении обобщаются упомянутые ранее объекты («эти небесные тела»). Для полного охвата множества используется определительное местоимение «все». Ответ: все"
2,текст_средства_связи,"Прочитайте текст и выполните задание.\n(1)Регулярные физические упражнения укрепляют сердечно-сосудистую систему и мышцы. (2)<...>, они способствуют выработке эндорфинов, что улучшает настроение и снижает уровень стресса. (3)Медики настоятельно рекомендуют уделять спорту хотя бы полчаса в день.\nСамостоятельно подберите вводную конструкцию, которая должна стоять на месте пропуска в предложении (2). Запишите эту конструкцию.",крометого,"Во втором предложении добавляется новый аргумент, дополнительная информация к сказанному в первом. Для добавления мысли используется вводная конструкция «кроме того» или «помимо этого». Ответ: кроме того"
2,текст_средства_связи,"Прочитайте текст и выполните задание.\n(1)Древние египтяне обладали глубокими знаниями в математике и астрономии. (2)<...> их инструменты были весьма примитивными по современным меркам, они могли точно вычислять площади участков и предсказывать затмения. (3)Эти знания активно применялись при строительстве пирамид.\nСамостоятельно подберите подчинительный уступительный союз, который должен стоять на месте пропуска в предложении (2). Запишите этот союз.",хотя,"Придаточная часть второго предложения содержит условие, вопреки которому совершается действие в главной части (вычисляли, вопреки примитивности инструментов). Требуется уступительный союз «хотя» или «несмотря на то что». Ответ: хотя"
2,текст_средства_связи,"Прочитайте текст и выполните задание.\n(1)Рептилии являются хладнокровными животными, температура их тела зависит от окружающей среды. (2)<...> них, млекопитающие обладают теплокровностью и способны поддерживать постоянную температуру тела. (3)Эта особенность позволяет млекопитающим выживать в суровых климатических условиях.\nСамостоятельно подберите производный предлог, который должен стоять на месте пропуска в предложении (2). Запишите этот предлог.",вотличиеот,"Во втором предложении млекопитающие противопоставляются рептилиям. Для выражения сопоставления и противопоставления используется производный предлог «в отличие от». Ответ: в отличие от"
2,текст_средства_связи,"Прочитайте текст и выполните задание.\n(1)Некоторые люди считают, что конфликты в коллективе всегда приводят к разрушительным последствиям. (2)Опытные менеджеры, <...>, знают, что конструктивный спор помогает найти оптимальное решение проблемы. (3)Главное — уметь управлять разногласиями.\nСамостоятельно подберите вводное слово, которое должно стоять на месте пропуска в предложении (2). Запишите это слово.",наоборот,"Второе предложение выражает мысль, прямо противоположную сказанному в первом. Для противопоставления используется вводное слово «наоборот» или «напротив». Ответ: наоборот"
3,текст_значение_слова,"Прочитайте фрагмент словарной статьи, в которой приводятся значения слова ОСТРЫЙ. Определите значение, в котором это слово употреблено во втором предложении текста: «Однако эти меры вызвали ОСТРЫЙ конфликт между руководством и сотрудниками».\n1) Имеющий хорошо колющий конец или режущий край. О. нож, о. меч.\n2) Сильно, ясно выраженный, напряженный, сильный (о чувствах, переживаниях, ситуациях). О. кризис, острая боль.\n3) Проницательный, изощренный (о зрении, слухе, уме). О. слух, о. ум.\n4) Сильно действующий на вкус или обоняние; пряный, едкий. О. сыр, о. запах.",2,"В предложении речь идет о конфликте — сильной, напряженной ситуации. Это соответствует значению №2. Ответ: 2"
3,текст_значение_слова,"Прочитайте фрагмент словарной статьи, в которой приводятся значения слова СРЕДА. Определите значение, в котором это слово употреблено в предложении: «Молодой ученый быстро освоился в академической СРЕДЕ и нашел единомышленников».\n1) Вещество, заполняющее какое-н. пространство и обладающее определенными свойствами. Воздушная с., жидкая с.\n2) Совокупность природных условий, в которых протекает жизнедеятельность какого-н. организма. Окружающая с.\n3) Окружение, совокупность людей, связанных общностью условий жизни, занятий. Социальная с., рабочая с.\n4) Третий день недели. Встретимся в среду.",3,"В тексте говорится об «академической среде» — окружении ученых, совокупности людей, связанных общим занятием (наукой). Это соответствует значению №3. Ответ: 3"
3,текст_значение_слова,"Прочитайте фрагмент словарной статьи, в которой приводятся значения слова ГЛУБОКИЙ. Определите значение, в котором это слово употреблено в предложении: «Старик испустил ГЛУБОКИЙ вздох и медленно опустился в кресло».\n1) Имеющий большую глубину (пространственную). Г. колодец, г. пруд.\n2) Отличающийся полнотой, основательностью; скрытый, сокровенный. Г. смысл, глубокие знания.\n3) Достигший высшего предела, полный, сильный. Глубокая старость, глубокая осень.\n4) Исходящий из глубины груди (о вздохе, дыхании, голосе). Г. вдох, г. голос.",4,"Речь идет о вздохе, который исходит из глубины груди. Это прямо соответствует значению №4 словарной статьи. Ответ: 4"
3,текст_значение_слова,"Прочитайте фрагмент словарной статьи, в которой приводятся значения слова ПУТЬ. Определите значение, в котором это слово употреблено в предложении: «Этим открытием ученые проложили ПУТЬ к новым исследованиям космоса».\n1) Полоса земли, служащая для езды, ходьбы. Железнодорожный п., горный п.\n2) Место, линия в пространстве, где происходит передвижение, сообщение. П. следования, водный п.\n3) Путешествие, поездка. Отправиться в долгий п.\n4) Направление деятельности, развития; способ достижения чего-н. П. к успеху, жизненный п.",4,"В тексте слово «путь» используется в переносном значении — направление развития науки, способ достижения новых открытий. Это значение №4. Ответ: 4"
3,текст_значение_слова,"Прочитайте фрагмент словарной статьи, в которой приводятся значения слова ЯЗЫК. Определите значение, в котором это слово употреблено в предложении: «Русский ЯЗЫК богат и выразителен, он требует бережного отношения».\n1) Орган в полости рта. Показать я., обжечь я.\n2) Исторически сложившаяся система звуковых, словарных и грамматических средств. Иностранный я., родной я.\n3) Речь, способность говорить. Лишиться языка.\n4) Система знаков (символов), передающих информацию. Я. программирования, я. жестов.",2,"В предложении говорится о русском языке как о системе словарных и грамматических средств общения целого народа. Это значение №2. Ответ: 2"
3,текст_значение_слова,"Прочитайте фрагмент словарной статьи, в которой приводятся значения слова ПОЛЕ. Определите значение, в котором это слово употреблено в предложении: «В этом ПОЛЕ зрения ученого попали ранее не изученные явления».\n1) Безлесная равнина, пространство. Пшеничное п.\n2) Пространство, в пределах которого проявляется действие каких-н. сил. Магнитное п.\n3) Основной цвет, фон, на к-ром нанесен узор. Ковер с красным полем.\n4) Область, сфера деятельности. П. деятельности, п. зрения.",4,"Словосочетание «поле зрения» является устойчивым и обозначает область, сферу охвата (в данном случае — исследовательского внимания). Это соответствует значению №4. Ответ: 4"
3,текст_значение_слова,"Прочитайте фрагмент словарной статьи, в которой приводятся значения слова ИГРАТЬ. Определите значение, в котором это слово употреблено в предложении: «Эта деталь ИГРАЕТ важную роль в работе всего механизма».\n1) Развлекаться, забавляться. И. в куклы.\n2) Исполнять музыкальное произведение. И. на скрипке.\n3) Исполнять роль в спектакле, фильме. И. Гамлета.\n4) Выполнять какое-н. назначение, иметь какое-н. значение. И. важную роль.",4,"В предложении употреблено устойчивое выражение «играть роль», что означает выполнять определенное назначение, иметь значение. Это значение №4. Ответ: 4"
3,текст_значение_слова,"Прочитайте фрагмент словарной статьи, в которой приводятся значения слова ЖИВОЙ. Определите значение, в котором это слово употреблено в предложении: «Писатель создал очень ЖИВОЙ образ главного героя».\n1) Такой, который живет, обладает жизнью. Ж. организм, живая природа.\n2) Подлинный, самый настоящий. Ж. пример.\n3) Выразительный, яркий, жизненный. Ж. образ, живое описание.\n4) Подвижный, деятельный, энергичный. Ж. ум, живой ребенок.",3,"Слово «живой» по отношению к образу в литературе означает выразительный, яркий, близкий к реальности. Это значение №3. Ответ: 3"
3,текст_значение_слова,"Прочитайте фрагмент словарной статьи, в которой приводятся значения слова ЧЕРТА. Определите значение, в котором это слово употреблено в предложении: «Скромность была его главной отличительной ЧЕРТОЙ».\n1) Узкая полоса, линия. Подвести черту.\n2) Свойство, особенность, отличительный признак. Ч. характера, отличительная ч.\n3) Граница, предел. Ч. города, за чертой оседлости.\n4) Деталь лица (во мн. ч.). Правильные черты лица.",2,"В тексте говорится о скромности как о свойстве характера, отличительном признаке человека. Это значение №2. Ответ: 2"
3,текст_значение_слова,"Прочитайте фрагмент словарной статьи, в которой приводятся значения слова ТЯЖЕЛЫЙ. Определите значение, в котором это слово употреблено в предложении: «На заводе преобладал ТЯЖЕЛЫЙ физический труд».\n1) Имеющий большой вес, грузный. Т. чемодан.\n2) Требующий больших усилий, напряжения, трудный. Т. труд, тяжелая задача.\n3) Лишающий покоя, гнетущий, мучительный. Т. вздох, тяжелые мысли.\n4) Суровый, жестокий, опасный. Т. бой, тяжелая болезнь.",2,"В предложении говорится о труде, который требует больших физических усилий. Это соответствует значению №2. Ответ: 2"
3,текст_значение_слова,"Прочитайте фрагмент словарной статьи, в которой приводятся значения слова ПРЕДМЕТ. Определите значение, в котором это слово употреблено в предложении: «Экология стала главным ПРЕДМЕТОМ обсуждения на форуме».\n1) Всякое материальное явление, вещь. Бытовые предметы.\n2) То, на что направлена мысль, действие, чувство. П. обсуждения, п. обожания.\n3) Отрасль науки, учебная дисциплина. Любимый п. в школе.\n4) Тема, содержание чего-н. Разговор на эту тему (о предмете).",2,"Экология в данном контексте — это то, на что направлено обсуждение участников форума. Это соответствует значению №2. (Значение 4 близко, но оборот «предмет обсуждения» строго относится к значению 2). Ответ: 2"
3,текст_значение_слова,"Прочитайте фрагмент словарной статьи, в которой приводятся значения слова ТОНКИЙ. Определите значение, в котором это слово употреблено в предложении: «Художник обладал ТОНКИМ вкусом и чувством гармонии».\n1) Небольшой в поперечнике, в обхвате. Т. слой, тонкая нить.\n2) Нежный, деликатный, изысканный. Т. аромат, тонкие черты лица.\n3) Отличающийся проницательностью, чувствительностью, изяществом. Т. вкус, тонкий юмор.\n4) Звучащий высоко (о голосе, звуке). Т. голосок.",3,"«Тонкий вкус» означает изящный, проницательный, способный воспринимать малейшие детали искусства. Это значение №3. Ответ: 3"
3,текст_значение_слова,"Прочитайте фрагмент словарной статьи, в которой приводятся значения слова ЛИЦО. Определите значение, в котором это слово употреблено в предложении: «Директор поручил подписать договор доверенному ЛИЦУ».\n1) Передняя часть головы человека. Красивое л.\n2) Индивидуальный облик, отличительные черты. Сохранить свое л.\n3) Человек в обществе, индивидуум. Физическое л., должностное л.\n4) Грамматическая категория, выражающая отношение к говорящему. Глагол 1-го лица.",3,"В предложении речь идет о человеке, наделенном определенными полномочиями (доверенное лицо). Это значение №3. Ответ: 3"
3,текст_значение_слова,"Прочитайте фрагмент словарной статьи, в которой приводятся значения слова ДОЛЯ. Определите значение, в котором это слово употреблено в предложении: «В его словах была значительная ДОЛЯ правды».\n1) Часть чего-н., вместе с другими частями составляющая целое. Равные доли.\n2) Участь, судьба (обычно тяжелая). Женская д., тяжелая д.\n3) Мера веса. Ни грамма, ни доли.\n4) Какая-то часть, частица, элемент чего-н. абстрактного. Д. истины, д. сомнения.",4,"«Доля правды» — это элемент чего-то абстрактного (истины/правды), содержащийся в словах. Это соответствует значению №4. Ответ: 4"
3,текст_значение_слова,"Прочитайте фрагмент словарной статьи, в которой приводятся значения слова ОТКРЫТЫЙ. Определите значение, в котором это слово употреблено в предложении: «Это был честный и ОТКРЫТЫЙ человек, никогда не таивший обид».\n1) Не закрытый, не запертый. Открытая дверь.\n2) Доступный для всех, публичный. Открытое собрание.\n3) Искренний, откровенный, не скрытный. О. характер, открытый человек.\n4) Ничем не защищенный, голый. Открытая местность.",3,"О человеке говорят «открытый», если он искренен и откровенен. Это соответствует значению №3. Ответ: 3"
3,текст_значение_слова,"Прочитайте фрагмент словарной статьи, в которой приводятся значения слова ВОПРОС. Определите значение, в котором это слово употреблено в предложении: «Жилищный ВОПРОС в этом городе стоял очень остро».\n1) Обращение, требующее ответа. Задать в., ответить на в.\n2) То или иное положение, обстоятельство как предмет изучения или решения; проблема. В. о власти, жилищный в.\n3) Неясность, сомнение. Это еще в., под вопросом.\n4) Пункт в анкете, экзаменационном билете. Третий в. билета.",2,"«Жилищный вопрос» — это проблема, дело, требующее решения. Это значение №2. Ответ: 2"
3,текст_значение_слова,"Прочитайте фрагмент словарной статьи, в которой приводятся значения слова ЗАКРЫТЬ. Определите значение, в котором это слово употреблено в предложении: «Своим телом солдат ЗАКРЫЛ командира от пуль».\n1) Сдвинув края, створки, преградить доступ куда-н. З. дверь, з. книгу.\n2) Покрыть сверху, накрыть. З. платком.\n3) Защитить, заслонить собой. З. от ветра, з. от пуль.\n4) Прекратить деятельность чего-н. З. магазин, з. собрание.",3,"В тексте солдат преградил путь пулям, заслонил, защитил командира собой. Это соответствует значению №3. Ответ: 3"
3,текст_значение_слова,"Прочитайте фрагмент словарной статьи, в которой приводятся значения слова ПОДНЯТЬ. Определите значение, в котором это слово употреблено в предложении: «Статья журналиста помогла ПОДНЯТЬ важную социальную проблему».\n1) Взяв снизу, переместить вверх. П. тяжелый чемодан.\n2) Сделать более высоким, увеличить. П. цены, п. зарплату.\n3) Побудить к какому-н. действию. П. народ на восстание.\n4) Сделать предметом обсуждения, выдвинуть. П. вопрос, п. проблему.",4,"«Поднять проблему» означает сделать её предметом обсуждения в обществе. Это значение №4. Ответ: 4"
3,текст_значение_слова,"Прочитайте фрагмент словарной статьи, в которой приводятся значения слова ВЕСТИ. Определите значение, в котором это слово употреблено в предложении: «Дорога ВЕЛА прямо к заброшенному замку».\n1) Направляя, помогать или заставлять идти. В. ребенка за руку.\n2) Управлять, руководить чем-н. В. машину, в. кружок.\n3) Иметь направление, пролегать (о дороге, пути). Тропинка ведет в лес.\n4) Осуществлять, производить (какое-н. действие). В. переговоры, в. стрельбу.",3,"В предложении речь идет о направлении дороги (она пролегает к замку). Это значение №3. Ответ: 3"
3,текст_значение_слова,"Прочитайте фрагмент словарной статьи, в которой приводятся значения слова ДЕЛО. Определите значение, в котором это слово употреблено в предложении: «Для него это было обычное ДЕЛО, он справлялся с ним быстро».\n1) Работа, занятие, деятельность. Приступить к делу.\n2) Поступок, действие. Доброе д.\n3) Событие, обстоятельство, факт. Неслыханное д.\n4) Собрание документов, относящихся к одному лицу или факту. Личное д., завести д.",1,"В контексте «обычное дело, он справлялся с ним быстро» слово означает привычную работу, занятие. Это значение №1 (также может трактоваться как обстоятельство/факт, но в сочетании со «справлялся» акцент на деятельности/работе). Ответ: 1"
4,ударения,"Укажите варианты ответов, в которых верно выделена буква, обозначающая ударный гласный звук. Запишите номера ответов. 1) зАгнутый 2) красИвее 3) оптОвый 4) сверлИт 5) щАвель",1234,"зАгнутый, красИвее, оптОвый, сверлИт — верно. Неверно: щАвель (правильно: щавЕль). Ответ: 1234"
5,паронимы,"В одном из приведённых ниже предложений НЕВЕРНО употреблено выделенное слово. Исправьте лексическую ошибку, подобрав к выделенному слову пароним. Запишите подобранное слово. На встрече соблюдался ДИПЛОМАТИЧЕСКИЙ этикет. Мастер выдал ГАРАНТИЙНЫЙ талон. У него была ДЕЛОВИТАЯ походка. Это ВЕКОВЫЕ традиции нашего народа. Мальчик решил ОДЕТЬ пальто и выйти на улицу.",надеть,"'Одеть' можно кого-то, а на себя — 'надеть'. Правильно: НАДЕТЬ пальто. Ответ: надеть"
7,формы_слов,"В одном из выделенных ниже слов допущена ошибка в образовании формы слова. Исправьте ошибку и запишите слово правильно. ИХ тетради, СЕМЬЮСТАМИ рублями, опытные ТРЕНЕРА, ЛЯГТЕ на диван, пара НОСКОВ.",тренеры,"Именительный падеж множественного числа от слова 'тренер' — тренеры. Ответ: тренеры"
9,корень,"Укажите варианты ответов, в которых во всех словах одного ряда пропущена одна и та же буква. Запишите номера ответов. 1) прил..скать, ст..рожил (города), м..кулатура 2) выб..рать, бл..стать, выт..реть 3) заг..релый, пл..вец, выр..сли 4) б..хрома, к..варный, эк..логия 5) п..рила, д..ректор, ст..реть",13,"1) прилАскать, стАрожил, мАкулатура (А); 2) выбИрать, блИстать, вытЕреть; 3) загОрелый, плОвец, вырОсли (О); 4) бАхрома, кОварный, экОлогия; 5) пЕрила, дИректор, стЕреть. Ответ: 13"
10,приставки,"Укажите варианты ответов, в которых во всех словах одного ряда пропущена одна и та же буква. Запишите номера ответов. 1) пр..открыть, пр..школьный, пр..морский 2) и..печь, в..бираться, ра..бег 3) с..грать, пред..стория, без..мянный 4) п..дбросить, о..далить, на..резать 5) пр..бабушка, п..ход, з..ночевать",13,"1) прИоткрыть, прИшкольный, прИморский (И); 2) иСпечь, вЗбираться, раЗбег; 3) сЫграть, предЫстория, безЫмянный (Ы); 4) пОдбросить, оТдалить, наДрезать; 5) прАбабушка, пОход, зАночевать. Ответ: 13"
13,не_ни,"Укажите варианты ответов, в которых НЕ с выделенным словом пишется СЛИТНО. Запишите номера ответов. 1) (НЕ)ГОДУЮЩИЙ взгляд 2) ничуть (НЕ)ИНТЕРЕСНЫЙ фильм 3) (НЕ)РАСПУСТИВШИЙСЯ цветок 4) трава (НЕ)СКОШЕНА 5) (НЕ)ЗАМЕТИВ препятствия",13,"1) НЕГОДУЮЩИЙ (без НЕ не употребляется); 2) ничуть НЕ ИНТЕРЕСНЫЙ (есть слово 'ничуть'); 3) НЕРАСПУСТИВШИЙСЯ (причастие без зависимых слов); 4) НЕ СКОШЕНА (краткое причастие); 5) НЕ ЗАМЕТИВ (деепричастие). Ответ: 13"
15,н_нн,"Укажите все цифры, на месте которых пишется НН. В стари(1)ой гости(2)ой стоял деревя(3)ый сундук, на котором лежало вытка(4)ое золотом полотно.",134,"стариННой (старин- + -н-), гостиНой (суффикс -ин-), деревяННый (исключение), выткаННое (причастие с приставкой). Ответ: 134"
16,пунктуация_ссп,"Укажите предложения, в которых нужно поставить ОДНУ запятую. Запишите номера этих предложений. 1) Звёзды меркли и гасли и на светлеющем небе проступали контуры облаков. 2) В лесу пахло грибами и прелой листвой. 3) Он любил как зимние холода так и летний зной. 4) Ветер завывал и срывал листья с деревьев и бросал их на землю. 5) Утром пели птицы и ярко светило солнце.",13,"1) [Звёзды гасли], и [проступали контуры] (ССП, 1 запятая); 2) Однородные, соединенные 'и' (0 запятых); 3) Двойной союз 'как..., так и...' (1 запятая); 4) Повторяющийся союз 'и' (2 запятые); 5) Общий второстепенный член 'Утром' (0 запятых). Ответ: 13"
18,вводные_слова,"Расставьте знаки препинания: укажите все цифры, на месте которых в предложениях должны стоять запятые. Вероятно (1) мы скоро увидимся. Однако (2) не стоит (3) к сожалению (4) забывать о текущих делах.",134,"'Вероятно' (1) и 'к сожалению' (3, 4) — вводные слова. 'Однако' (2) в начале предложения выступает в роли противительного союза 'но' и не обособляется. Ответ: 134"
21,пунктуация_анализ,"Найдите предложения, в которых тире ставится в соответствии с одним и тем же правилом пунктуации. Запишите номера этих предложений. (1) Байкал — самое глубокое озеро в мире. (2) Он находится в Восточной Сибири. (3) Вода здесь чистейшая — видимость достигает сорока метров. (4) Зимой озеро покрывается льдом — красивым, прозрачным. (5) Енисей — единственная река, вытекающая из Байкала.",15,"В предложениях 1 и 5 тире ставится между подлежащим и сказуемым. В 3 предложении — бессоюзное сложное предложение (БСП). В 4 предложении — обособление приложения. Ответ: 15"
